Handle,Title,Collection
8596301,NORTH STAR MEN SNEAKERS,MEN NORTH STAR
8801062,NORTH STAR MEN SNEAKERS,MEN NORTH STAR
8806062,NORTH STAR MEN SNEAKERS,MEN NORTH STAR
8289820,POWER MEN SNEAKERS,MENS ATHLETIC
8619249,WEINBRENNER MEN SANDALS,FREE TIME
8619258,WEINBRENNER MEN SANDALS,FREE TIME
8619255,WEINBRENNER MEN SANDALS,FREE TIME
8205051,NORTH STAR MEN SNEAKERS,MEN NORTH STAR
8286795,POWER MEN SNEAKERS,MENS ATHLETIC
8616255,WEINBRENNER MEN SANDALS,FREE TIME
8606001,BATA  LABEL MEN SHOES,CITY CASUAL
8286809,POWER MEN SNEAKERS,MENS ATHLETIC
8282797,POWER MEN SNEAKERS,MENS ATHLETIC
8206054,NORTH STAR MEN SNEAKERS,MEN NORTH STAR
8209051,NORTH STAR MEN SNEAKERS,MEN NORTH STAR
8209054,NORTH STAR MEN SNEAKERS,MEN NORTH STAR
8511286,NORTH STAR MEN SNEAKERS,MEN NORTH STAR
8289804,POWER MEN SNEAKERS,MENS ATHLETIC
8286794,POWER MEN SNEAKERS,MENS ATHLETIC
8282792,POWER MEN SNEAKERS,MENS ATHLETIC
8616793,NORTH STAR MEN SANDALS,MEN NORTH STAR
8286797,POWER MEN SNEAKERS,MENS ATHLETIC
8286793,POWER MEN SNEAKERS,MENS ATHLETIC
8282798,POWER MEN SNEAKERS,MENS ATHLETIC
8281790,POWER MEN SNEAKERS,MENS ATHLETIC
8289798,POWER MEN SNEAKERS,MENS ATHLETIC
8146227,BATA COMFIT MEN SHOES,DRESS
8289794,POWER MEN SNEAKERS,MENS ATHLETIC
8286799,POWER MEN SNEAKERS,MENS ATHLETIC
8281796,POWER MEN SNEAKERS,MENS ATHLETIC
8286790,POWER MEN SNEAKERS,MENS ATHLETIC
8287795,POWER MEN SNEAKERS,MENS ATHLETIC
8281791,POWER MEN SNEAKERS,MENS ATHLETIC
8286801,POWER MEN SNEAKERS,MENS ATHLETIC
8289802,POWER MEN SNEAKERS,MENS ATHLETIC
8286791,POWER MEN SNEAKERS,MENS ATHLETIC
8599138,BATA COMFIT MEN SHOES,CITY CASUAL
8289806,POWER MEN SNEAKERS,MENS ATHLETIC
8286802,POWER MEN SNEAKERS,MENS ATHLETIC
8289801,POWER MEN SNEAKERS,MENS ATHLETIC
8286803,POWER MEN SNEAKERS,MENS ATHLETIC
8289803,POWER MEN SNEAKERS,MENS ATHLETIC
8506003,BATA FLEXIBLE MEN SHOES,DRESS
8289793,POWER MEN SNEAKERS,MENS ATHLETIC
8516734,WEINBRENNER MEN SHOES,FREE TIME
8516733,WEINBRENNER MEN SHOES,FREE TIME
8282800,POWER MEN SNEAKERS,MENS ATHLETIC
8518286,NORTH STAR MEN SNEAKERS,MEN NORTH STAR
8146228,BATA COMFIT MEN SHOES,DRESS
8116226,BATA COMFIT MEN SHOES,DRESS
8206051,NORTH STAR MEN SNEAKERS,MEN NORTH STAR
8116224,BATA COMFIT MEN SHOES,DRESS
8511285,NORTH STAR MEN SNEAKERS,MEN NORTH STAR
8519285,NORTH STAR MEN SNEAKERS,MEN NORTH STAR
8511292,NORTH STAR MEN SNEAKERS,MEN NORTH STAR
8597138,BATA COMFIT MEN SHOES,CITY CASUAL
8626418,BATA MEN SANDALS,MENS SLIPPER
8116225,BATA COMFIT MEN SHOES,DRESS
8616258,WEINBRENNER MEN SANDALS,FREE TIME
8517733,WEINBRENNER MEN SHOES,FREE TIME
8616249,WEINBRENNER MEN SANDALS,FREE TIME
8116223,BATA COMFIT MEN SHOES,DRESS
8289807,POWER MEN SNEAKERS,MENS ATHLETIC
8306002,BATA MEN SHOES,DRESS
8611793,NORTH STAR MEN SANDALS,MEN NORTH STAR
8512291,NORTH STAR MEN SNEAKERS,MEN NORTH STAR
8609007,BATA  LABEL MEN SHOES,CITY CASUAL
8603007,BATA  LABEL MEN SHOES,CITY CASUAL
8506004,BATA FLEXIBLE MEN SHOES,DRESS
8614263,BATA COMFIT MEN SANDALS,SUMMER
8306003,BATA MEN SHOES,DRESS
8306001,BATA MEN SHOES,DRESS
8286808,POWER MEN SNEAKERS,MENS ATHLETIC
8614264,BATA COMFIT MEN SANDALS,SUMMER
8304001,BATA MEN SHOES,DRESS
8304002,BATA MEN SHOES,DRESS
8286800,POWER MEN SNEAKERS,MENS ATHLETIC
8304003,BATA MEN SHOES,DRESS
8629412,NORTH STAR MEN SANDALS,MENS SLIPPER
8626412,NORTH STAR MEN SANDALS,MENS SLIPPER
8516720,WEINBRENNER MEN SHOES,FREE TIME
8514720,WEINBRENNER MEN SHOES,FREE TIME
8201032,NORTH STAR MEN SNEAKERS,MEN NORTH STAR
8514724,BATA MEN SHOES,CITY CASUAL
8519279,NORTH STAR MEN SNEAKERS,MEN NORTH STAR
8519278,NORTH STAR MEN SNEAKERS,MEN NORTH STAR
8206040,NORTH STAR MEN SNEAKERS,MEN NORTH STAR
8202040,NORTH STAR MEN SNEAKERS,MEN NORTH STAR
8614238,BATA COMFIT MEN SANDALS,SUMMER
8512277,NORTH STAR MEN SNEAKERS,MEN NORTH STAR
8596281,NORTH STAR MEN SNEAKERS,MEN NORTH STAR
8116220,BATA MEN SHOES,DRESS
8116219,BATA MEN SHOES,DRESS
8516229,BATA MEN SHOES,CITY CASUAL
8514249,BATA  LABEL MEN SHOES,CITY CASUAL
8514237,BATA  LABEL MEN SHOES,CITY CASUAL
8619234,BATA COMFIT MEN SANDALS,SUMMER
8519237,BATA  LABEL MEN SHOES,CITY CASUAL
8517221,BATA  LABEL MEN SHOES,CITY CASUAL
8519229,BATA MEN SHOES,CITY CASUAL
8203237,BATA  LABEL MEN SHOES,CITY CASUAL
8519250,BATA  LABEL MEN SHOES,CITY CASUAL
8511250,BATA  LABEL MEN SHOES,CITY CASUAL
8512249,BATA  LABEL MEN SHOES,CITY CASUAL
8206043,NORTH STAR MEN SNEAKERS,MEN NORTH STAR
8518269,NORTH STAR MEN SNEAKERS,MEN NORTH STAR
8514215,BATA FLEXIBLE MEN SHOES,CITY CASUAL
8209238,BATA  LABEL MEN SHOES,CITY CASUAL
8519209,BATA  LABEL MEN SHOES,CITY CASUAL
8591281,NORTH STAR MEN SNEAKERS,MEN NORTH STAR
8626966,BATA MEN SANDALS,MENS SLIPPER
8517222,BATA  LABEL MEN SHOES,CITY CASUAL
8307810,WEINBRENNER MEN SHOES,FREE TIME
8614232,BATA Mens Sandals   - 8614232 (BATA COMFIT),SUMMER
8614248,BATA COMFIT MEN SANDALS,SUMMER
8612237,BATA COMFIT MEN SANDALS,SUMMER
8514221,BATA  LABEL MEN SHOES,CITY CASUAL
8306811,WEINBRENNER MEN SHOES,FREE TIME
8289774,POWER MEN SNEAKERS,MENS ATHLETIC
8519724,BATA MEN SHOES,CITY CASUAL
8422730,POWER Men Sandals  - 8426730,MENS SLIPPER
8516222,BATA  LABEL MEN SHOES,CITY CASUAL
8511278,NORTH STAR MEN SNEAKERS,MEN NORTH STAR
8616234,BATA COMFIT MEN SANDALS,SUMMER
8302808,WEINBRENNER MEN SHOES,FREE TIME
8306808,WEINBRENNER MEN SHOES,FREE TIME
8614247,BATA COMFIT MEN SANDALS,SUMMER
8617253,BATA  LABEL MEN SANDALS,SUMMER
8206044,NORTH STAR MEN SNEAKERS,MEN NORTH STAR
8201043,NORTH STAR MEN SNEAKERS,MEN NORTH STAR
8206026,NORTH STAR MEN SNEAKERS,MEN NORTH STAR
8514209,BATA  LABEL MEN SHOES,CITY CASUAL
8511269,NORTH STAR MEN SNEAKERS,MEN NORTH STAR
8626413,PATA-PATA MEN SANDALS,MENS SLIPPER
8619239,BATA Mens Sandals   - 8614239 (BATA COMFIT),SUMMER
8518267,NORTH STAR MEN SNEAKERS,MEN NORTH STAR
8625160,MARVEL MEN SANDALS,MENS SLIPPER
8614239,BATA Mens Sandals   - 8614239 (BATA COMFIT),SUMMER
8306810,WEINBRENNER MEN SHOES,FREE TIME
8289770,POWER MEN SNEAKERS,MENS ATHLETIC
8516713,WEINBRENNER MEN SHOES,FREE TIME
8616248,BATA COMFIT MEN SANDALS,SUMMER
8516236,BATA MEN SHOES,CITY CASUAL
8116190,BATA MEN SHOES,DRESS
8519277,NORTH STAR MEN SNEAKERS,MEN NORTH STAR
8512279,NORTH STAR MEN SNEAKERS,MEN NORTH STAR
8209237,BATA  LABEL MEN SHOES,CITY CASUAL
8206024,NORTH STAR MEN SNEAKERS,MEN NORTH STAR
8624967,BATA MEN SANDALS,MENS SLIPPER
8596256,NORTH STAR Men Sneakers  - 8596256,MEN NORTH STAR
8206023,NORTH STAR MEN SNEAKERS,MEN NORTH STAR
8209025,NORTH STAR MEN SNEAKERS,MEN NORTH STAR
8116215,BATA MEN SHOES,DRESS
8599256,NORTH STAR Men Sneakers  - 8596256,MEN NORTH STAR
8516215,BATA FLEXIBLE MEN SHOES,CITY CASUAL
8289785,POWER MEN SNEAKERS,MENS ATHLETIC
8514212,BATA FLEXIBLE MEN SHOES,CITY CASUAL
8806031,BATA MEN SANDALS,SUMMER
8514713,WEINBRENNER MEN SHOES,FREE TIME
8591262,NORTH STAR MEN SNEAKERS,MEN NORTH STAR
8616227,BATA MEN SANDALS,SUMMER
8629413,PATA-PATA MEN SANDALS,MENS SLIPPER
8511267,NORTH STAR MEN SNEAKERS,MEN NORTH STAR
8616230,BATA Mens Sandals   - 8616230 (BATA COMFIT),SUMMER
8599282,NORTH STAR Men Sneakers  - 8596282,MEN NORTH STAR
8244465,BATA MEN SHOES,DRESS
8286761,POWER MEN SNEAKERS,MENS ATHLETIC
8517726,WEINBRENNER MEN SANDALS,FREE TIME
8616262,BATA MEN SANDALS,SUMMER
8627110,PATA-PATA MEN SANDALS,MENS SLIPPER
8116189,BATA FLEXIBLE MEN SHOES,DRESS
8243187,BATA MEN SHOES,DRESS
8203238,BATA  LABEL MEN SHOES,CITY CASUAL
8201023,NORTH STAR MEN SNEAKERS,MEN NORTH STAR
8116216,BATA MEN SHOES,DRESS
8286775,POWER MEN SNEAKERS,MENS ATHLETIC
8289758,POWER MEN SNEAKERS,MENS ATHLETIC
8519154,BATA  LABEL MEN SHOES,CITY CASUAL
8804028,BATA MEN SANDALS,SUMMER
8619179,BATA Men Sandals  - 8614179 (ENERGY+),SUMMER
8209030,NORTH STAR MEN SANDALS,MENS SLIPPER
8519270,NORTH STAR MEN SNEAKERS,MEN NORTH STAR
8289776,POWER MEN SNEAKERS,MENS ATHLETIC
8614179,BATA Men Sandals  - 8614179 (ENERGY+),SUMMER
8511257,NORTH STAR MEN SNEAKERS,MEN NORTH STAR
8514217,BATA MEN SHOES,CITY CASUAL
8114191,BATA MEN SHOES,DRESS
8519261,NORTH STAR MEN SNEAKERS,MEN NORTH STAR
8516217,BATA MEN SHOES,CITY CASUAL
8614163,BATA Mens Sandals   - 8614163 (BATA COMFIT),SUMMER
8511154,BATA  LABEL MEN SHOES,CITY CASUAL
8516726,WEINBRENNER MEN SANDALS,FREE TIME
8246465,BATA MEN SHOES,DRESS
8516212,BATA FLEXIBLE MEN SHOES,CITY CASUAL
8614064,BATA MEN SANDALS,SUMMER
8619263,BATA MEN SANDALS,SUMMER
5516536,BATA COMFIT WOMEN SHOES,FREE TIME
8201044,NORTH STAR MEN SNEAKERS,MEN NORTH STAR
8614251,BATA MEN SANDALS,SUMMER
8519207,BATA  LABEL MEN SHOES,CITY CASUAL
8599262,NORTH STAR MEN SNEAKERS,MEN NORTH STAR
8514288,WEINBRENNER MEN SHOES,FREE TIME
8289783,POWER MEN SNEAKERS,MENS ATHLETIC
8611257,BATA MEN SANDALS,SUMMER
8519266,NORTH STAR MEN SNEAKERS,MEN NORTH STAR
8511266,NORTH STAR MEN SNEAKERS,MEN NORTH STAR
8146118,BATA MEN SHOES,DRESS
8514248,BATA  LABEL MEN SHOES,CITY CASUAL
8519287,WEINBRENNER MEN SHOES,FREE TIME
8614995,WEINBRENNER MEN SANDALS,FREE TIME
8519244,BATA  LABEL MEN SHOES,CITY CASUAL
8616242,BATA MEN SANDALS,SUMMER
5515536,BATA COMFIT WOMEN SHOES,FREE TIME
8246542,BATA MEN SHOES,DRESS
8616232,BATA Mens Sandals   - 8614232 (BATA COMFIT),SUMMER
8514202,BATA MEN SHOES,CITY CASUAL
8616279,BATA Men Sandals  - 8616279 (ENERGY+),SUMMER
8609045,NORTH STAR MEN SANDALS,MEN NORTH STAR
8511280,NORTH STAR MEN SNEAKERS,MEN NORTH STAR
8289769,POWER DUOFOAM MAX 300 MEN SNEAKERS,MENS ATHLETIC
8116188,BATA FLEXIBLE MEN SHOES,DRESS
8519151,BATA  LABEL MEN SHOES,CITY CASUAL
8806029,BATA Mens Sandals   - 8806029 (BATA COMFIT),SUMMER
8246438,BATA MEN SHOES,DRESS
8246059,BATA MEN SHOES,DRESS
8244438,BATA MEN SHOES,DRESS
8116208,BATA COMFIT MEN SHOES,DRESS
8286776,POWER MEN SNEAKERS,MENS ATHLETIC
8516712,WEINBRENNER MEN SHOES,FREE TIME
8616229,BATA Mens Sandals  - 8616229 (BATA COMFIT),SUMMER
8611258,BATA MEN SANDALS,SUMMER
8516213,BATA FLEXIBLE MEN SHOES,CITY CASUAL
8289777,POWER MEN SNEAKERS,MENS ATHLETIC
8514244,BATA  LABEL MEN SHOES,CITY CASUAL
8289779,POWER PRIMEWALK 500 MEN SNEAKERS,MENS ATHLETIC
8596263,NORTH STAR MEN SNEAKERS,MEN NORTH STAR
8519288,WEINBRENNER MEN SHOES,FREE TIME
8116201,BATA Mens Dress Shoes  - 8116201 (BATA COMFIT),DRESS
8281787,POWER MEN SNEAKERS,MENS ATHLETIC
8146119,BATA MEN SHOES,DRESS
8626160,MARVEL MEN SANDALS,MENS SLIPPER
8514716,WEINBRENNER MEN SHOES,FREE TIME
8286773,POWER XORISE + 500 MEN SNEAKERS,MENS ATHLETIC
8616213,BATA MEN SANDALS,SUMMER
8599258,NORTH STAR MEN SNEAKERS,MEN NORTH STAR
8514153,BATA  LABEL MEN SHOES,CITY CASUAL
8201020,NORTH STAR MEN SNEAKERS,MEN NORTH STAR
8511207,BATA  LABEL MEN SHOES,CITY CASUAL
8616210,BATA MEN SANDALS,SUMMER
8286766,POWER Men Sneakers  - 8286766,MENS ATHLETIC
8206030,NORTH STAR MEN SANDALS,MENS SLIPPER
8514168,BATA MEN SHOES,CITY CASUAL
8116191,BATA MEN SHOES,DRESS
8281772,POWER ENGAGE FLEX 300 LOVE OCEAN MEN SNEAKERS,MENS ATHLETIC
8514214,BATA FLEXIBLE MEN SHOES,CITY CASUAL
8519260,NORTH STAR MEN SNEAKERS,MEN NORTH STAR
8614210,BATA MEN SANDALS,SUMMER
8626411,NORTH STAR MEN SANDALS,MENS SLIPPER
8281763,POWER MEN SNEAKERS,MENS ATHLETIC
8616196,BATA Mens Sandals   - 8614196 (BATA COMFIT),SUMMER
8286758,POWER MEN SNEAKERS,MENS ATHLETIC
8289761,POWER MEN SNEAKERS,MENS ATHLETIC
8614162,BATA MEN SANDALS,SUMMER
8616228,BATA MEN SANDALS,SUMMER
7612567,BATA COMFIT WOMEN SANDALS,COMFIT
8511253,NORTH STAR MEN SNEAKERS,MEN NORTH STAR
8596259,NORTH STAR MEN SNEAKERS,MEN NORTH STAR
8286765,POWER MEN SNEAKERS,MENS ATHLETIC
8614209,BATA MEN SANDALS,SUMMER
8616161,BATA Mens Sandals   - 8616161 (BATA COMFIT),SUMMER
8616159,BATA COMFIT MEN SANDALS,SUMMER
8166466,BATA UNISEX ADULTS SHOES,PDRM PROJECT
8166465,BATA UNISEX ADULTS SHOES,PDRM PROJECT
8116182,BATA MEN SHOES,DRESS
8116160,BATA MEN SHOES,DRESS
5166471,BATA UNISEX ADULTS SHOES,PDRM PROJECT
8514142,BATA MEN SHOES,CITY CASUAL
8116180,BATA Mens Dress Shoes  - 8116180 (BATA COMFIT),DRESS
8511252,NORTH STAR MEN SNEAKERS,MEN NORTH STAR
8599248,NORTH STAR MEN SNEAKERS,MEN NORTH STAR
8116157,BATA Mens Dress Shoes  - 8116157 (BATA COMFIT),DRESS
8516243,NORTH STAR MEN SNEAKERS,MEN NORTH STAR
8116159,BATA MEN SHOES,DRESS
8116158,BATA COMFIT MEN SHOES,DRESS
8519123,BATA MEN SHOES,CITY CASUAL
8116179,BATA Mens Dress Shoes  - 8116179 (BATA COMFIT),DRESS
8616170,BATA Mens Sandals   - 8614170 (BATA COMFIT),SUMMER
8516701,WEINBRENNER MEN SHOES,FREE TIME
8596248,NORTH STAR MEN SNEAKERS,MEN NORTH STAR
8614153,BATA Mens Sandals   - 8614153 (BATA COMFIT),SUMMER
8514147,BATA Mens Sneaker  - 8514147 (BATA COMFIT),CITY CASUAL
8626409,PATA-PATA Men Sandals  - 8622409,MENS SLIPPER
8616994,WEINBRENNER MEN SANDALS,FREE TIME
8514143,BATA  LABEL MEN SHOES,CITY CASUAL
8516252,NORTH STAR MEN SNEAKERS,MEN NORTH STAR
8116164,BATA Mens Dress Shoes  - 8116164 (BATA COMFIT),DRESS
8614148,BATA COMFIT MEN SANDALS,SUMMER
8601009,NORTH STAR Men Slide Sandals  - 8601009,MENS SLIPPER
8626408,PATA-PATA MEN SANDALS,MENS SLIPPER
8616991,WEINBRENNER MEN SANDALS,FREE TIME
8614126,BATA Mens Sandals   - 8614126 (BATA COMFIT),SUMMER
8514112,BATA MEN SHOES,CITY CASUAL
8626114,PATA-PATA MEN SANDALS,MENS SLIPPER
8614127,BATA Mens Sandals  - 8614127 (BATA COMFIT),SUMMER
8809006,POWER Men Sandals  - 8809006,MENS SLIPPER
8514149,BATA Mens Sneaker  - 8514149 (BATA COMFIT),CITY CASUAL
8622409,PATA-PATA Men Sandals  - 8622409,MENS SLIPPER
8514702,WEINBRENNER MEN SHOES,FREE TIME
8116996,BATA Mens Dress Shoes  - 8116996 (BATA COMFIT),DRESS
8616130,BATA Mens Sandals   - 8614130 (BATA COMFIT),SUMMER
8591236,NORTH STAR Men Sneakers  - 8591236,MEN NORTH STAR
8426121,POWER MEN SANDALS,MENS ATHLETIC
8614130,BATA Mens Sandals   - 8614130 (BATA COMFIT),SUMMER
8626113,BATA Men Sandals  - 8626113,MENS SLIPPER
8614170,BATA Mens Sandals   - 8614170 (BATA COMFIT),SUMMER
8429122,POWER MEN SANDALS,MENS ATHLETIC
8616127,BATA Mens Sandals  - 8614127 (BATA COMFIT),SUMMER
8282730,POWER MEN SNEAKERS - HARROW MYRUN 37,MENS ATHLETIC
8116997,BATA Mens Dress Shoes  - 8116997 (BATA COMFIT),DRESS
8516142,BATA MEN SHOES,CITY CASUAL
8422858,POWER MEN SNEAKERS,MENS ATHLETIC
8516123,BATA MEN SHOES,CITY CASUAL
8614120,BATA MEN SANDALS,SUMMER
8596234,NORTH STAR Men Sneakers  - 8596234,MEN NORTH STAR
8116156,BATA Mens Dress Shoes  - 8116156 (BATA COMFIT),DRESS
8629408,PATA-PATA MEN SANDALS,MENS SLIPPER
8616156,BATA COMFIT MEN SANDALS,SUMMER
8116115,BATA MEN SHOES,DRESS
8614991,WEINBRENNER MEN SANDALS,FREE TIME
8286737,POWER MEN SNEAKERS - WAVE ACCENT,MENS ATHLETIC
8519703,WEINBRENNER MEN SHOES,FREE TIME
8614994,WEINBRENNER MEN SANDALS,FREE TIME
8616996,BATA COMFIT MEN SANDALS,SUMMER
8516143,BATA  LABEL MEN SHOES,CITY CASUAL
8146112,BATA MEN SHOES,DRESS
8286749,POWER MEN SANDALS - COSTA MYSANDAL 28,MENS ATHLETIC
8516112,BATA MEN SHOES,CITY CASUAL
8614993,WEINBRENNER MEN SANDALS,FREE TIME
8616993,WEINBRENNER MEN SANDALS,FREE TIME
8146113,BATA MEN SHOES,DRESS
8514114,BATA MEN SHOES,CITY CASUAL
8616137,BATA MEN SANDALS,SUMMER
8616155,BATA MEN SANDALS,SUMMER
8616992,WEINBRENNER MEN SANDALS,FREE TIME
8614155,BATA MEN SANDALS,SUMMER
8116114,BATA MEN SHOES,DRESS
8421863,POWER MEN SNEAKERS,MENS ATHLETIC
8616138,BATA Mens Sandals   - 8614138 (BATA COMFIT),SUMMER
8616998,BATA Mens Sandals   - 8616998 (BATA COMFIT),SUMMER
8516114,BATA MEN SHOES,CITY CASUAL
8614138,BATA Mens Sandals   - 8614138 (BATA COMFIT),SUMMER
8514997,BATA Mens Smart Casual Shoes  - 8514997 (BATA COMFIT),CITY CASUAL
8516998,BATA Mens Smart Casual Shoes  - 8516998 (BATA COMFIT),CITY CASUAL
8116027,BATA MEN SHOES,DRESS
8426730,POWER Men Sandals  - 8426730,MENS SLIPPER
8614010,BATA Men Sandals  - 8614010,SUMMER
8116026,BATA Men Dress Shoes  - 8116026,DRESS
8426742,POWER MEN SNEAKERS,MENS ATHLETIC
8626110,PATA-PATA MEN SANDALS,MENS SLIPPER
8426576,POWER MEN SNEAKERS,MENS ATHLETIC
8426732,POWER MEN SNEAKERS,MENS ATHLETIC
8422733,POWER MEN SNEAKERS,MENS ATHLETIC
8626151,BATA MEN SANDALS,MENS SLIPPER
8426595,POWER MEN SNEAKERS,MENS ATHLETIC
8429743,POWER MEN SNEAKERS,MENS ATHLETIC
8116074,BATA Mens Dress Shoes  - 8116074 (BATA COMFIT),DRESS
8116303,BATA MEN SHOES,DRESS
8629012,BATA Men Slippers  - 8624012,MENS SLIPPER
8624012,BATA Men Slippers  - 8624012,MENS SLIPPER
8614069,BATA MEN SANDALS,SUMMER
8429550,POWER MEN SNEAKERS,MENS ATHLETIC
8614080,BATA Men Sandals  - 8614080,SUMMER
8614007,BATA Men Sandals  - 8614007,SUMMER
8422364,POWER MEN SNEAKERS,MENS ATHLETIC
8116144,BATA Mens Dress Shoes  - 8116144 (BATA COMFIT),DRESS
8616080,BATA Men Sandals  - 8614080,SUMMER
8616008,BATA Men Sandals  - 8616008,SUMMER
8116304,BATA MEN SHOES,DRESS
8429721,POWER MEN SNEAKERS,MENS ATHLETIC
8616010,BATA Men Sandals  - 8614010,SUMMER
8422732,POWER MEN SNEAKERS,MENS ATHLETIC
8425733,POWER MEN SNEAKERS,MENS ATHLETIC
8612887,WEINBRENNER Men Outdoor Sandals  - 8612887,FREE TIME
8286210,POWER MEN SNEAKERS,MENS ATHLETIC
8116075,BATA Mens Dress Shoes  - 8116075 (BATA COMFIT),DRESS
8426721,POWER MEN SNEAKERS,MENS ATHLETIC
8422740,POWER MEN SNEAKERS,MENS ATHLETIC
8426587,POWER MEN SNEAKERS,MENS ATHLETIC
8429744,POWER MEN SNEAKERS,MENS ATHLETIC
8426551,POWER MEN SNEAKERS,MENS ATHLETIC
8614201,BATA MEN SANDALS,SUMMER
8616887,WEINBRENNER Men Outdoor Sandals  - 8612887,FREE TIME
8516082,BATA MEN SHOES,CITY CASUAL
8616892,BATA MEN SANDALS,SUMMER
8426594,POWER MEN SNEAKERS,MENS ATHLETIC
8116959,BATA Mens Dress Shoes  - 8116959 (BATA COMFIT),DRESS
8516943,BATA MEN SHOES,CITY CASUAL
8614053,BATA MEN SANDALS,SUMMER
8614291,BATA MEN SANDALS,SUMMER
8427847,POWER Men Sandals  - 8426847 (Sub-Brand),MENS ATHLETIC
8426739,POWER MEN SNEAKERS,MENS ATHLETIC
8614003,BATA MEN SANDALS,SUMMER
8116707,BATA MEN SHOES,CITY CASUAL
8116477,BATA MEN SHOES,DRESS
8426418,POWER Men Sandals  - 8426418 (Sub-Brand),MENS ATHLETIC
8614453,BATA Men Sandals  - 8614453,SUMMER
8116473,BATA MEN SHOES,DRESS
8426561,POWER MEN SNEAKERS,MENS ATHLETIC
8116486,BATA MEN SHOES,DRESS
8426847,POWER Men Sandals  - 8426847 (Sub-Brand),MENS ATHLETIC
8614124,BATA Mens Sandals   - 8614124 (BATA COMFIT),SUMMER
8596207,NORTH STAR MEN SNEAKERS,MEN NORTH STAR
8116780,BATA Mens Dress Shoes  - 8116780 (BATA COMFIT),DRESS
8116487,BATA MEN SHOES,DRESS
8116782,BATA Mens Dress Shoes  - 8116782 (BATA COMFIT),DRESS
8116285,BATA Men Dress Shoes  - 8116285,DRESS
8426842,POWER MEN SNEAKERS,MENS ATHLETIC
8422562,POWER MEN SNEAKERS,MENS ATHLETIC
8426393,POWER MEN SNEAKERS,MENS ATHLETIC
8516912,BATA MEN SHOES,CITY CASUAL
8426453,POWER Men Sandals  - 8426453,MENS ATHLETIC
8514614,BATA MEN SHOES,CITY CASUAL
8616189,BATA MEN SANDALS,SUMMER
8625381,BATA Men Sandals  - 8625381 (Tun M Signature Sandals),MENS SLIPPER
8626246,BATA Men Sandals  - 8626246,MENS SLIPPER
8626060,BATA Men Slippers  - 8626060,MENS SLIPPER
8614171,BATA Mens Sandals   - 8614171 (BATA COMFIT),SUMMER
8626059,BATA MEN SANDALS,MENS SLIPPER
8616204,BATA MEN SANDALS,SUMMER
8616507,BATA Men Sandals Dark Denim - 8616507,SUMMER
8614364,BATA Men Sandals  - 8614364,SUMMER
8116971,BATA Men Dress Shoes  - 8116971,DRESS
9900023,BATA INSOLES,SHOE BEAUTY
9900021,BATA SHOE CARE,SHOE BEAUTY
9512565,BATA SOCKS,HOSIERY
9516565,BATA SOCKS,HOSIERY
9156819,PRIVE BAGS,ACCESSORIES
9159817,NORTH STAR BAGS,ACCESSORIES
9156817,NORTH STAR BAGS,ACCESSORIES
9156820,PRIVE BAGS,ACCESSORIES
9156818,NORTH STAR BAGS,ACCESSORIES
9156816,NORTH STAR BAGS,ACCESSORIES
9156815,NORTH STAR BAGS,ACCESSORIES
9159810,NORTH STAR BAGS,ACCESSORIES
9946117,WEINBRENNER BELTS,ACCESSORIES
9116345,PRIVE BAGS,ACCESSORIES
9116331,NORTH STAR BAGS,ACCESSORIES
9116344,PRIVE BAGS,ACCESSORIES
9516162,BATA SOCKS,HOSIERY
9610090,BATA INSOLES,SHOE BEAUTY
9610092,BATA INSOLES,SHOE BEAUTY
9900160,BATA INSOLES,SHOE BEAUTY
9610093,BATA INSOLES,SHOE BEAUTY
9900001,BATA SHOE CARE,SHOE BEAUTY
9900020,BATA SHOE CARE,SHOE BEAUTY
9906606,BATA SHOE CARE,SHOE BEAUTY
9906603,BATA SHOE CARE,SHOE BEAUTY
9416265,NORTH STAR SOCKS,HOSIERY
9900064,BATA INSOLES,SHOE BEAUTY
9900090,BATA ACCESSORIES,SHOE BEAUTY
9900003,BATA SHOE CARE,SHOE BEAUTY
9900002,BATA SHOE CARE,SHOE BEAUTY
9900060,BATA INSOLES,SHOE BEAUTY
9900041,BATA ACCESSORIES,SHOE BEAUTY
9900006,BATA SHOE CARE,SHOE BEAUTY
9906601,BATA SHOE CARE,SHOE BEAUTY
9416161,B-FIRST SOCKS,HOSIERY
9316264,B-FIRST SOCKS,HOSIERY
9416264,B-FIRST SOCKS,HOSIERY
9916901,NORTH STAR BAGS,ACCESSORIES
9915901,NORTH STAR BAGS,ACCESSORIES
9516009,BATA SOCKS,HOSIERY
9516008,BATA SOCKS,HOSIERY
9610086,BATA INSOLES,SHOE BEAUTY
9416238,B-FIRST SOCKS,HOSIERY
9116906,NORTH STAR BAGS,ACCESSORIES
9516158,BATA SOCKS,HOSIERY
8809061,NORTH STAR MEN SNEAKERS,MEN NORTH STAR
8801061,NORTH STAR MEN SNEAKERS,MEN NORTH STAR
8596796,NORTH STAR Men Sneakers  - 8591796,MEN NORTH STAR
8591796,NORTH STAR Men Sneakers  - 8591796,MEN NORTH STAR
8804030,BATA MEN SANDALS,SUMMER
8806008,POWER Men Walking Shoes  - 8806008,MENS ATHLETIC
8606009,NORTH STAR MEN SANDALS,MENS SLIPPER
8806006,POWER Men Sandals  - 8806006,MENS SLIPPER
8809005,POWER MEN SNEAKERS,MENS ATHLETIC
5596302,NORTH STAR WOMEN SNEAKERS,NS LADIES
5596301,NORTH STAR WOMEN SNEAKERS,NS LADIES
7015034,BATA COMFIT WOMEN SANDALS,COMFIT
7019033,BATA COMFIT WOMEN SANDALS,COMFIT
5316023,BATA WOMEN SANDALS,SUMMER
6016018,BATA WOMEN SANDALS,COMFIT
6316025,BATA WOMEN SANDALS,CITY CASUAL
6015023,BATA WOMEN SANDALS,COMFIT
5318020,BATA WOMEN SANDALS,SUMMER
6016023,BATA WOMEN SANDALS,COMFIT
6019024,BATA WOMEN SANDALS,COMFIT
6015018,BATA WOMEN SANDALS,COMFIT
5285821,POWER WOMEN SNEAKERS,LADIES ATHLETIC
6316022,BATA WOMEN SANDALS,CITY CASUAL
5314023,BATA WOMEN SANDALS,SUMMER
6015020,BATA WOMEN SANDALS,COMFIT
5609338,BATA WOMEN SHOES,FREE TIME
6017017,BATA WOMEN SANDALS,COMFIT
5605338,BATA WOMEN SHOES,FREE TIME
6015017,BATA WOMEN SANDALS,COMFIT
6018021,BATA COMFIT WOMEN SANDALS,COMFIT
6314005,BATA WOMEN SANDALS,CITY CASUAL
6914343,BATA WOMEN SANDALS,CITY CASUAL
5315012,BATA WOMEN SHOES,FREE TIME
6015019,BATA WOMEN SANDALS,COMFIT
7606331,BATA  LABEL WOMEN SANDALS,CITY CASUAL
5608330,BATA  LABEL WOMEN SHOES,FREE TIME
7608331,BATA  LABEL WOMEN SANDALS,CITY CASUAL
5701335,MARIE CLAIRE WOMEN SHOES,MARIE CLAIRE
7706353,MARIE CLAIRE WOMEN SHOES,MARIE CLAIRE
6319005,BATA WOMEN SANDALS,CITY CASUAL
6016021,BATA WOMEN SANDALS,COMFIT
7701353,MARIE CLAIRE WOMEN SHOES,MARIE CLAIRE
5606332,BATA  LABEL WOMEN SHOES,FREE TIME
6317005,BATA WOMEN SANDALS,CITY CASUAL
6916343,BATA WOMEN SANDALS,CITY CASUAL
6018009,BATA COMFIT WOMEN SANDALS,COMFIT
6016024,BATA WOMEN SANDALS,COMFIT
7316007,BATA WOMEN SANDALS,CITY CASUAL
5319020,BATA WOMEN SANDALS,SUMMER
5399024,BATA WOMEN SANDALS,SUMMER
7701344,MARIE CLAIRE WOMEN SANDALS,MARIE CLAIRE
5705326,MARIE CLAIRE WOMEN SHOES,MARIE CLAIRE
7709366,MARIE CLAIRE WOMEN SHOES,MARIE CLAIRE
7705351,MARIE CLAIRE WOMEN SHOES,MARIE CLAIRE
7705359,MARIE CLAIRE WOMEN SANDALS,MARIE CLAIRE
6606333,BATA  LABEL WOMEN SANDALS,CITY CASUAL
7705343,MARIE CLAIRE WOMEN SANDALS,MARIE CLAIRE
6317025,BATA WOMEN SANDALS,CITY CASUAL
7703351,MARIE CLAIRE WOMEN SHOES,MARIE CLAIRE
5701302,MARIE CLAIRE WOMEN SANDALS,MARIE CLAIRE
5608332,BATA  LABEL WOMEN SHOES,FREE TIME
7706355,MARIE CLAIRE WOMEN SANDALS,MARIE CLAIRE
6605333,BATA  LABEL WOMEN SANDALS,CITY CASUAL
5708326,MARIE CLAIRE WOMEN SHOES,MARIE CLAIRE
7704343,MARIE CLAIRE WOMEN SANDALS,MARIE CLAIRE
6605329,BATA  LABEL WOMEN SANDALS,CITY CASUAL
7701355,MARIE CLAIRE WOMEN SANDALS,MARIE CLAIRE
7708359,MARIE CLAIRE WOMEN SANDALS,MARIE CLAIRE
5706333,MARIE CLAIRE WOMEN SANDALS,MARIE CLAIRE
6015016,BATA WOMEN SANDALS,COMFIT
6606334,BATA  LABEL WOMEN SHOES,BATA HEELS
7701358,MARIE CLAIRE WOMEN SANDALS,MARIE CLAIRE
6509877,BATA WOMEN SHOES,BATA HEELS
7706366,MARIE CLAIRE WOMEN SHOES,MARIE CLAIRE
6606329,BATA  LABEL WOMEN SANDALS,CITY CASUAL
5708302,MARIE CLAIRE WOMEN SANDALS,MARIE CLAIRE
6605334,BATA  LABEL WOMEN SHOES,BATA HEELS
5706335,MARIE CLAIRE WOMEN SHOES,MARIE CLAIRE
7707344,MARIE CLAIRE WOMEN SANDALS,MARIE CLAIRE
7704357,MARIE CLAIRE WOMEN SANDALS,MARIE CLAIRE
5703333,MARIE CLAIRE WOMEN SANDALS,MARIE CLAIRE
5312012,BATA WOMEN SHOES,FREE TIME
5314015,BATA WOMEN SHOES,FREE TIME
6019019,BATA WOMEN SANDALS,COMFIT
6915325,BATA WOMEN SANDALS,CITY CASUAL
7312006,BATA WOMEN SANDALS,CITY CASUAL
6316005,BATA WOMEN SANDALS,CITY CASUAL
5606246,BATA  LABEL WOMEN SHOES,FREE TIME
5609253,BATA  LABEL WOMEN SHOES,FREE TIME
5598331,BATA COMFIT WOMEN SHOES,FREE TIME
6606321,BATA  LABEL WOMEN SHOES,BATA HEELS
5601324,BATA  LABEL WOMEN SANDALS,SUMMER
7609326,BATA  LABEL WOMEN SANDALS,CITY CASUAL
5592331,BATA COMFIT WOMEN SHOES,FREE TIME
6606325,BATA  LABEL WOMEN SANDALS,CITY CASUAL
5605324,BATA  LABEL WOMEN SANDALS,SUMMER
7605326,BATA  LABEL WOMEN SANDALS,CITY CASUAL
5607322,BATA  LABEL WOMEN SHOES,FREE TIME
6605325,BATA  LABEL WOMEN SANDALS,CITY CASUAL
6319019,BATA WOMEN SHOES,BATA HEELS
5609246,BATA  LABEL WOMEN SHOES,FREE TIME
5619822,BATA COMFIT WOMEN SANDALS,COMFIT
7016012,BATA COMFIT WOMEN SANDALS,COMFIT
6018014,BATA COMFIT WOMEN SANDALS,COMFIT
6015015,BATA COMFIT WOMEN SANDALS,COMFIT
5596312,BATA COMFIT WOMEN SHOES,FREE TIME
5606330,BATA  LABEL WOMEN SHOES,FREE TIME
6619818,BATA COMFIT WOMEN SANDALS,COMFIT
7606247,BATA  LABEL WOMEN SANDALS,CITY CASUAL
6318002,BATA WOMEN SHOES,BATA HEELS
6115812,BATA COMFIT WOMEN SHOES,BATA HEELS
5282810,POWER WOMEN SNEAKERS,LADIES ATHLETIC
6615818,BATA COMFIT WOMEN SANDALS,COMFIT
5607251,BATA  LABEL WOMEN SANDALS,SUMMER
7311006,BATA WOMEN SANDALS,CITY CASUAL
6608321,BATA  LABEL WOMEN SHOES,BATA HEELS
5395024,BATA WOMEN SANDALS,SUMMER
5205071,NORTH STAR WOMEN SNEAKERS,NS LADIES
5209070,NORTH STAR WOMEN SNEAKERS,NS LADIES
5282809,POWER WOMEN SNEAKERS,LADIES ATHLETIC
5611793,NORTH STAR WOMEN SANDALS,NS LADIES
5605253,BATA  LABEL WOMEN SHOES,FREE TIME
5518792,NORTH STAR WOMEN SNEAKERS,NS LADIES
5608322,BATA  LABEL WOMEN SHOES,FREE TIME
5396016,BATA WOMEN SHOES,FREE TIME
5397008,BATA WOMEN SHOES,FREE TIME
5282796,POWER WOMEN SNEAKERS,LADIES ATHLETIC
5289798,POWER WOMEN SNEAKERS,LADIES ATHLETIC
5282795,POWER WOMEN SNEAKERS,LADIES ATHLETIC
5618793,NORTH STAR WOMEN SANDALS,NS LADIES
5615816,BATA COMFIT WOMEN SANDALS,COMFIT
5619816,BATA COMFIT WOMEN SANDALS,COMFIT
5285810,POWER WOMEN SNEAKERS,LADIES ATHLETIC
5206070,NORTH STAR WOMEN SNEAKERS,NS LADIES
5209071,NORTH STAR WOMEN SNEAKERS,NS LADIES
5207072,NORTH STAR WOMEN SNEAKERS,NS LADIES
5289808,POWER WOMEN SNEAKERS,LADIES ATHLETIC
5282797,POWER WOMEN SNEAKERS,LADIES ATHLETIC
5282793,POWER WOMEN SNEAKERS,LADIES ATHLETIC
5285792,POWER WOMEN SNEAKERS,LADIES ATHLETIC
5286790,POWER WOMEN SNEAKERS,LADIES ATHLETIC
5281802,POWER WOMEN SNEAKERS,LADIES ATHLETIC
5281801,POWER WOMEN SNEAKERS,LADIES ATHLETIC
5618817,BATA COMFIT WOMEN SANDALS,COMFIT
6311022,BATA WOMEN SANDALS,CITY CASUAL
5511285,NORTH STAR WOMEN SNEAKERS,NS LADIES
5282807,POWER WOMEN SNEAKERS,LADIES ATHLETIC
6608329,BATA  LABEL WOMEN SANDALS,CITY CASUAL
6317004,BATA WOMEN SANDALS,CITY CASUAL
5606323,BATA  LABEL WOMEN SHOES,FREE TIME
7018012,BATA COMFIT WOMEN SANDALS,COMFIT
5516792,NORTH STAR WOMEN SNEAKERS,NS LADIES
7605247,BATA  LABEL WOMEN SANDALS,CITY CASUAL
5286802,POWER WOMEN SNEAKERS,LADIES ATHLETIC
5591312,BATA COMFIT WOMEN SHOES,FREE TIME
6606252,BATA  LABEL WOMEN SHOES,BATA HEELS
7605250,BATA  LABEL WOMEN SHOES,BATA HEELS
5289806,POWER WOMEN SNEAKERS,LADIES ATHLETIC
5395009,BATA WOMEN SHOES,FREE TIME
6019009,BATA COMFIT WOMEN SANDALS,COMFIT
6506877,BATA WOMEN SHOES,BATA HEELS
5285797,POWER WOMEN SNEAKERS,LADIES ATHLETIC
5619817,BATA COMFIT WOMEN SANDALS,COMFIT
5282808,POWER WOMEN SNEAKERS,LADIES ATHLETIC
5289790,POWER WOMEN SNEAKERS,LADIES ATHLETIC
5605254,BATA  LABEL WOMEN SHOES,FREE TIME
5512305,BATA COMFIT WOMEN SHOES,FREE TIME
6019014,BATA COMFIT WOMEN SANDALS,COMFIT
7016013,BATA COMFIT WOMEN SANDALS,COMFIT
5281806,POWER WOMEN SNEAKERS,LADIES ATHLETIC
5518332,BATA COMFIT WOMEN SHOES,FREE TIME
5605251,BATA  LABEL WOMEN SANDALS,SUMMER
6318004,BATA WOMEN SANDALS,CITY CASUAL
6016016,BATA WOMEN SANDALS,COMFIT
6313025,BATA WOMEN SANDALS,CITY CASUAL
6312002,BATA WOMEN SHOES,BATA HEELS
7608248,BATA  LABEL WOMEN SANDALS,SUMMER
5287803,POWER WOMEN SNEAKERS,LADIES ATHLETIC
5282800,POWER WOMEN SNEAKERS,LADIES ATHLETIC
7606320,BATA  LABEL WOMEN SANDALS,CITY CASUAL
6398001,BATA WOMEN SHOES,BATA HEELS
5201076,NORTH STAR WOMEN SNEAKERS,NS LADIES
5286799,POWER WOMEN SNEAKERS,LADIES ATHLETIC
5615823,BATA COMFIT WOMEN SANDALS,COMFIT
7608249,BATA  LABEL WOMEN SANDALS,CITY CASUAL
7609250,BATA  LABEL WOMEN SHOES,BATA HEELS
7606248,BATA  LABEL WOMEN SANDALS,SUMMER
7607249,BATA  LABEL WOMEN SANDALS,CITY CASUAL
5316015,BATA WOMEN SHOES,FREE TIME
6396001,BATA WOMEN SHOES,BATA HEELS
5609254,BATA  LABEL WOMEN SHOES,FREE TIME
7601320,BATA  LABEL WOMEN SANDALS,CITY CASUAL
5395008,BATA WOMEN SHOES,FREE TIME
5511788,NORTH STAR WOMEN SNEAKERS,NS LADIES
6615814,BATA COMFIT WOMEN SANDALS,COMFIT
6617814,BATA COMFIT WOMEN SANDALS,COMFIT
5619823,BATA COMFIT WOMEN SANDALS,COMFIT
5398016,BATA WOMEN SHOES,FREE TIME
6311019,BATA WOMEN SHOES,BATA HEELS
7615824,BATA COMFIT WOMEN SANDALS,COMFIT
5519293,NORTH STAR WOMEN SNEAKERS,NS LADIES
5614809,BATA COMFIT WOMEN SANDALS,COMFIT
5519309,BATA COMFIT WOMEN SHOES,FREE TIME
5515309,BATA COMFIT WOMEN SHOES,FREE TIME
5608253,BATA  LABEL WOMEN SHOES,FREE TIME
5617859,BATA COMFIT WOMEN SANDALS,COMFIT
7619825,BATA COMFIT WOMEN SANDALS,COMFIT
5517332,BATA COMFIT WOMEN SHOES,FREE TIME
5611859,BATA COMFIT WOMEN SANDALS,COMFIT
6608252,BATA  LABEL WOMEN SHOES,BATA HEELS
6116307,BATA COMFIT WOMEN SHOES,BATA HEELS
5515305,BATA COMFIT WOMEN SHOES,FREE TIME
5619859,BATA COMFIT WOMEN SANDALS,COMFIT
6116729,BATA Ladies Dress Shoes  - 6116729 (BATA COMFIT),BATA HEELS
5599940,BATA  LABEL WOMEN SHOES,FREE TIME
5595940,BATA  LABEL WOMEN SHOES,FREE TIME
5615802,BATA WOMEN SANDALS,SUMMER
5596746,BATA WOMEN SHOES,FREE TIME
5617807,BATA WOMEN SANDALS,SUMMER
5512758,BATA COMFIT WOMEN SHOES,FREE TIME
5206048,NORTH STAR WOMEN SNEAKERS,NS LADIES
5615804,BATA WOMEN SANDALS,SUMMER
5515750,BATA COMFIT WOMEN SHOES,FREE TIME
5616785,BATA Ladies Sandals  - 5615785 (BATA COMFIT),COMFIT
5619802,BATA WOMEN SANDALS,SUMMER
5519750,BATA COMFIT WOMEN SHOES,FREE TIME
5598755,BATA COMFIT WOMEN SHOES,FREE TIME
5201048,NORTH STAR WOMEN SNEAKERS,NS LADIES
5207054,NORTH STAR WOMEN SNEAKERS,NS LADIES
5611804,BATA WOMEN SANDALS,SUMMER
7119833,BATA  LABEL WOMEN SHOES,BATA HEELS
5606241,BATA  LABEL WOMEN SHOES,BATA HEELS
5206050,NORTH STAR WOMEN SNEAKERS,NS LADIES
5511777,NORTH STAR WOMEN SNEAKERS,NS LADIES
5614795,BATA WOMEN SANDALS,SUMMER
7606244,BATA  LABEL WOMEN SANDALS,CITY CASUAL
5615807,BATA WOMEN SANDALS,SUMMER
5516758,BATA COMFIT WOMEN SHOES,FREE TIME
7115836,BATA  LABEL WOMEN SHOES,BATA HEELS
7118835,BATA  LABEL WOMEN SHOES,BATA HEELS
7116835,BATA  LABEL WOMEN SHOES,BATA HEELS
5611798,BATA WOMEN SANDALS,SUMMER
5518834,BATA FLEXIBLE WOMEN SHOES,FREE TIME
5516834,BATA FLEXIBLE WOMEN SHOES,FREE TIME
5615706,BATA Ladies Sandals  - 5615706 (BATA COMFIT),COMFIT
5615711,BATA Ladies Sandals  - 5615711 (BATA COMFIT),COMFIT
5615803,BATA WOMEN SANDALS,SUMMER
6516812,BATA FLEXIBLE WOMEN SHOES,FREE TIME
5706222,MARIE CLAIRE WOMEN SHOES,MARIE CLAIRE
5704222,MARIE CLAIRE WOMEN SHOES,MARIE CLAIRE
5706207,MARIE CLAIRE WOMEN SANDALS,MARIE CLAIRE
5703207,MARIE CLAIRE WOMEN SANDALS,MARIE CLAIRE
6706284,MARIE CLAIRE WOMEN SANDALS,MARIE CLAIRE
5606251,BATA  LABEL WOMEN SANDALS,SUMMER
6118718,BATA WOMEN SHOES,BATA HEELS
5595746,BATA WOMEN SHOES,FREE TIME
7115833,BATA  LABEL WOMEN SHOES,BATA HEELS
7616837,BATA  LABEL WOMEN SANDALS,CITY CASUAL
5206054,NORTH STAR WOMEN SNEAKERS,NS LADIES
6116718,BATA WOMEN SHOES,BATA HEELS
5618801,BATA WOMEN SANDALS,SUMMER
5205056,NORTH STAR WOMEN SNEAKERS,NS LADIES
5806949,NORTH STAR WOMEN SNEAKERS,NS LADIES
5206056,NORTH STAR WOMEN SNEAKERS,NS LADIES
5706274,MARIE CLAIRE WOMEN SHOES,MARIE CLAIRE
5615689,BATA WOMEN SANDALS,SUMMER
5701274,MARIE CLAIRE WOMEN SHOES,MARIE CLAIRE
7706272,MARIE CLAIRE WOMEN SANDALS,MARIE CLAIRE
6705284,MARIE CLAIRE WOMEN SANDALS,MARIE CLAIRE
5704279,MARIE CLAIRE WOMEN SHOES,MARIE CLAIRE
5709271,MARIE CLAIRE WOMEN SHOES,MARIE CLAIRE
7708294,MARIE CLAIRE WOMEN SANDALS,MARIE CLAIRE
7706294,MARIE CLAIRE WOMEN SANDALS,MARIE CLAIRE
6518812,BATA FLEXIBLE WOMEN SHOES,FREE TIME
7516802,BATA FLEXIBLE WOMEN SHOES,BATA HEELS
7619838,BATA  LABEL WOMEN SANDALS,CITY CASUAL
7146974,BATA FLEXIBLE WOMEN SHOES,BATA HEELS
5544493,BATA WOMEN SHOES,FREE TIME
7516803,BATA FLEXIBLE WOMEN SHOES,BATA HEELS
7709272,MARIE CLAIRE WOMEN SANDALS,MARIE CLAIRE
6706275,MARIE CLAIRE WOMEN SHOES,MARIE CLAIRE
7703273,MARIE CLAIRE WOMEN SHOES,MARIE CLAIRE
6703275,MARIE CLAIRE WOMEN SHOES,MARIE CLAIRE
7516822,BATA WOMEN SHOES,BATA HEELS
7518802,BATA FLEXIBLE WOMEN SHOES,BATA HEELS
5615798,BATA WOMEN SANDALS,SUMMER
5626993,BATA WOMEN SANDALS,LADIES SLIPPERS
5618770,BATA COMFIT WOMEN SANDALS,COMFIT
5706297,MARIE CLAIRE WOMEN SHOES,MARIE CLAIRE
5614308,BATA Ladies Sandals  - 5615308 (BATA COMFIT),COMFIT
5625993,BATA WOMEN SANDALS,LADIES SLIPPERS
5703297,MARIE CLAIRE WOMEN SHOES,MARIE CLAIRE
5705214,MARIE CLAIRE WOMEN SANDALS,MARIE CLAIRE
5705215,MARIE CLAIRE WOMEN SHOES,MARIE CLAIRE
7605262,BATA  LABEL WOMEN SANDALS,CITY CASUAL
5599755,BATA COMFIT WOMEN SHOES,FREE TIME
5519678,BATA  LABEL WOMEN SHOES,FREE TIME
5515678,BATA  LABEL WOMEN SHOES,FREE TIME
7118833,BATA  LABEL WOMEN SHOES,BATA HEELS
7618644,BATA WOMEN SANDALS,CITY CASUAL
5616639,BATA Ladies Sandals  - 5615639 (BATA COMFIT),COMFIT
5285770,POWER WOMEN SNEAKERS,LADIES ATHLETIC
7706295,MARIE CLAIRE WOMEN SHOES,MARIE CLAIRE
5616787,BATA COMFIT WOMEN SANDALS,COMFIT
5801949,NORTH STAR WOMEN SNEAKERS,NS LADIES
5706271,MARIE CLAIRE WOMEN SHOES,MARIE CLAIRE
7611838,BATA  LABEL WOMEN SANDALS,CITY CASUAL
5703285,MARIE CLAIRE WOMEN SHOES,MARIE CLAIRE
5282776,POWER WOMEN SNEAKERS,LADIES ATHLETIC
5615800,BATA WOMEN SANDALS,SUMMER
5619797,BATA WOMEN SANDALS,SUMMER
6615569,BATA Ladies Wedges  - 6615569 (BATA COMFIT),COMFIT
7706273,MARIE CLAIRE WOMEN SHOES,MARIE CLAIRE
5201043,NORTH STAR WOMEN SNEAKERS,NS LADIES
5615831,BATA COMFIT WOMEN SANDALS,COMFIT
5516761,BATA COMFIT WOMEN SHOES,FREE TIME
5706282,MARIE CLAIRE WOMEN SANDALS,MARIE CLAIRE
7705294,MARIE CLAIRE WOMEN SANDALS,MARIE CLAIRE
5703279,MARIE CLAIRE WOMEN SHOES,MARIE CLAIRE
6709269,MARIE CLAIRE WOMEN SHOES,MARIE CLAIRE
7111836,BATA  LABEL WOMEN SHOES,BATA HEELS
7112834,BATA  LABEL WOMEN SHOES,BATA HEELS
5616793,BATA COMFIT WOMEN SANDALS,COMFIT
5546806,BATA WOMEN SHOES,FREE TIME
7705295,MARIE CLAIRE WOMEN SHOES,MARIE CLAIRE
6706291,MARIE CLAIRE WOMEN SHOES,MARIE CLAIRE
6706286,MARIE CLAIRE WOMEN SANDALS,MARIE CLAIRE
5206037,NORTH STAR WOMEN SNEAKERS,NS LADIES
5206035,NORTH STAR Women Sneakers  - 5201035,NS LADIES
6615664,BATA WOMEN SANDALS,CITY CASUAL
6618829,BATA COMFIT WOMEN SANDALS,COMFIT
7616663,BATA WOMEN SANDALS,CITY CASUAL
8286782,POWER MEN SNEAKERS,MENS ATHLETIC
5516785,NORTH STAR WOMEN SNEAKERS,NS LADIES
7616643,BATA WOMEN SANDALS,CITY CASUAL
7608244,BATA  LABEL WOMEN SANDALS,CITY CASUAL
5516527,BATA FLEXIBLE WOMEN SHOES,FREE TIME
8286785,POWER MEN SNEAKERS,MENS ATHLETIC
5616686,BATA WOMEN SANDALS,SUMMER
6618681,BATA COMFIT WOMEN SANDALS,COMFIT
6619714,BATA WOMEN SANDALS,SUMMER
5615639,BATA Ladies Sandals  - 5615639 (BATA COMFIT),COMFIT
5289772,POWER ENGAGE FLEX 300 LOVE OCEAN WOMEN SNEAKERS,LADIES ATHLETIC
5608209,BATA  LABEL WOMEN SHOES,FREE TIME
5516757,BATA COMFIT WOMEN SHOES,FREE TIME
7616659,BATA WOMEN SANDALS,CITY CASUAL
5286774,POWER WOMEN SNEAKERS,LADIES ATHLETIC
7618662,BATA WOMEN SANDALS,CITY CASUAL
5626994,BATA WOMEN SANDALS,LADIES SLIPPERS
5611687,BATA WOMEN SANDALS,SUMMER
6703206,MARIE CLAIRE WOMEN SANDALS,MARIE CLAIRE
5706215,MARIE CLAIRE WOMEN SHOES,MARIE CLAIRE
7611659,BATA WOMEN SANDALS,CITY CASUAL
5618764,BATA WOMEN SANDALS,SUMMER
7616644,BATA WOMEN SANDALS,CITY CASUAL
7618223,BATA WOMEN SANDALS,CITY CASUAL
7612837,BATA  LABEL WOMEN SANDALS,CITY CASUAL
7616567,BATA COMFIT WOMEN SANDALS,COMFIT
7616565,BATA COMFIT WOMEN SANDALS,COMFIT
7615565,BATA COMFIT WOMEN SANDALS,COMFIT
6616830,BATA COMFIT WOMEN SANDALS,COMFIT
5805950,NORTH STAR WOMEN SNEAKERS,NS LADIES
6706269,MARIE CLAIRE WOMEN SHOES,MARIE CLAIRE
5511841,BATA  LABEL WOMEN SHOES,FREE TIME
6146973,BATA FLEXIBLE WOMEN SHOES,FREE TIME
5612690,BATA WOMEN SANDALS,SUMMER
5616689,BATA WOMEN SANDALS,SUMMER
7616627,BATA COMFIT WOMEN SANDALS,COMFIT
7518803,BATA FLEXIBLE WOMEN SHOES,BATA HEELS
6544019,BATA WOMEN SHOES,BATA HEELS
6546804,BATA WOMEN SHOES,BATA HEELS
5511785,NORTH STAR WOMEN SNEAKERS,NS LADIES
5515757,BATA COMFIT WOMEN SHOES,FREE TIME
7615627,BATA COMFIT WOMEN SANDALS,COMFIT
5205037,NORTH STAR WOMEN SNEAKERS,NS LADIES
5201045,NORTH STAR WOMEN SNEAKERS,NS LADIES
6615830,BATA COMFIT WOMEN SANDALS,COMFIT
6615714,BATA WOMEN SANDALS,SUMMER
5601241,BATA  LABEL WOMEN SHOES,BATA HEELS
6116580,BATA WOMEN SHOES,BATA HEELS
5626414,PATA-PATA WOMEN SANDALS,LADIES SLIPPERS
5595535,BATA COMFIT WOMEN SHOES,FREE TIME
5615591,BATA WOMEN SANDALS,SUMMER
5608243,BATA  LABEL WOMEN SANDALS,SUMMER
5606274,BATA  LABEL WOMEN SHOES,FREE TIME
5515768,NORTH STAR WOMEN SNEAKERS,NS LADIES
6615661,BATA WOMEN SANDALS,CITY CASUAL
5706214,MARIE CLAIRE WOMEN SANDALS,MARIE CLAIRE
7518822,BATA WOMEN SHOES,BATA HEELS
5614687,BATA WOMEN SANDALS,SUMMER
6616734,BATA WOMEN SANDALS,CITY CASUAL
6118720,BATA WOMEN SHOES,BATA HEELS
6614709,BATA Ladies Wedges  - 6614709 (BATA COMFIT),COMFIT
7606262,BATA  LABEL WOMEN SANDALS,CITY CASUAL
6616730,BATA WOMEN SANDALS,CITY CASUAL
5611765,BATA WOMEN SANDALS,SUMMER
5619396,BATA Ladies Sandals  - 5616396 (BATA COMFIT),COMFIT
7606254,BATA  LABEL WOMEN SANDALS,CITY CASUAL
7616223,BATA WOMEN SANDALS,CITY CASUAL
5809229,NORTH STAR WOMEN SNEAKERS,NS LADIES
5205039,NORTH STAR WOMEN SNEAKERS,NS LADIES
5281761,POWER WOMEN SNEAKERS,LADIES ATHLETIC
5726403,PATA-PATA WOMEN SANDALS,LADIES SLIPPERS
5516841,BATA  LABEL WOMEN SHOES,FREE TIME
5282773,POWER XORISE + 500 WOMEN SNEAKERS,LADIES ATHLETIC
5614793,BATA COMFIT WOMEN SANDALS,COMFIT
5619800,BATA WOMEN SANDALS,SUMMER
6546019,BATA WOMEN SHOES,BATA HEELS
7615880,BATA  LABEL WOMEN SANDALS,CITY CASUAL
5619831,BATA COMFIT WOMEN SANDALS,COMFIT
5515761,BATA COMFIT WOMEN SHOES,FREE TIME
5619801,BATA WOMEN SANDALS,SUMMER
5596762,NORTH STAR Women Sneakers  - 5596762,NS LADIES
5701282,MARIE CLAIRE WOMEN SANDALS,MARIE CLAIRE
5511763,NORTH STAR WOMEN SNEAKERS,NS LADIES
6146971,BATA FLEXIBLE WOMEN SHOES,BATA HEELS
7146970,BATA FLEXIBLE WOMEN SHOES,BATA HEELS
6146803,BATA WOMEN SHOES,BATA HEELS
6616593,BATA WOMEN SANDALS,CITY CASUAL
5282786,POWER WOMEN SNEAKERS,LADIES ATHLETIC
5515749,BATA WOMEN SHOES,FREE TIME
5286782,POWER WOMEN SNEAKERS,LADIES ATHLETIC
5615792,BATA COMFIT WOMEN SANDALS,COMFIT
5614832,BATA WOMEN SANDALS,SUMMER
5511769,NORTH STAR WOMEN SNEAKERS,NS LADIES
5591535,BATA COMFIT WOMEN SHOES,FREE TIME
5619591,BATA WOMEN SANDALS,SUMMER
5591767,NORTH STAR WOMEN SNEAKERS,NS LADIES
5619770,BATA COMFIT WOMEN SANDALS,COMFIT
5611703,BATA Ladies Sandals  - 5611703 (BATA COMFIT),COMFIT
5516744,BATA WOMEN SHOES,FREE TIME
5614691,BATA WOMEN SANDALS,SUMMER
5286785,POWER WOMEN SNEAKERS,LADIES ATHLETIC
5727250,BATA WOMEN SANDALS,LADIES SLIPPERS
5512340,WEINBRENNER WOMEN SHOE,FREE TIME
8286772,POWER ENGAGE FLEX 300 LOVE OCEAN MEN SNEAKERS,MENS ATHLETIC
7118529,BATA FLEXIBLE WOMEN SHOES,BATA HEELS
7606265,BATA  LABEL WOMEN SHOES,BATA HEELS
5516533,BATA Ladies Loafers  - 5515533 (BATA COMFIT),FREE TIME
5705258,MARIE CLAIRE WOMEN SHOES,MARIE CLAIRE
6612705,BATA Ladies Wedges  - 6612705 (BATA COMFIT),COMFIT
6618707,BATA Ladies Wedges  - 6616707 (BATA COMFIT),COMFIT
6614642,BATA WOMEN SANDALS,CITY CASUAL
6616727,BATA WOMEN SANDALS,CITY CASUAL
6612588,BATA WOMEN SANDALS,CITY CASUAL
5705263,MARIE CLAIRE WOMEN SHOES,MARIE CLAIRE
6116720,BATA WOMEN SHOES,BATA HEELS
7116529,BATA FLEXIBLE WOMEN SHOES,BATA HEELS
6612734,BATA WOMEN SANDALS,CITY CASUAL
5612602,BATA Ladies Sandals  - 5612602 (BATA COMFIT),COMFIT
6611664,BATA WOMEN SANDALS,CITY CASUAL
5616846,BATA  LABEL WOMEN SANDALS,SUMMER
5287760,POWER WOMEN SNEAKERS,LADIES ATHLETIC
7608254,BATA  LABEL WOMEN SANDALS,CITY CASUAL
6614726,BATA WOMEN SANDALS,CITY CASUAL
5808130,NORTH STAR WOMEN SNEAKERS,NS LADIES
5609058,NORTH STAR Women Sandals  - 5605058,NS LADIES
5706285,MARIE CLAIRE WOMEN SHOES,MARIE CLAIRE
5595753,BATA COMFIT WOMEN SHOES,FREE TIME
6146975,BATA FLEXIBLE WOMEN SHOES,FREE TIME
5616690,BATA WOMEN SANDALS,SUMMER
5616244,BATA WOMEN SANDALS,SUMMER
5514745,BATA WOMEN SHOES,FREE TIME
6616569,BATA Ladies Wedges  - 6615569 (BATA COMFIT),COMFIT
5201035,NORTH STAR Women Sneakers  - 5201035,NS LADIES
7706219,MARIE CLAIRE WOMEN SANDALS,MARIE CLAIRE
5206045,NORTH STAR WOMEN SNEAKERS,NS LADIES
6616829,BATA COMFIT WOMEN SANDALS,COMFIT
6615828,BATA COMFIT WOMEN SANDALS,COMFIT
5596761,NORTH STAR Women Sneakers  - 5591761,NS LADIES
5591761,NORTH STAR Women Sneakers  - 5591761,NS LADIES
5511765,NORTH STAR WOMEN SNEAKERS,NS LADIES
5615832,BATA WOMEN SANDALS,SUMMER
5612767,BATA WOMEN SANDALS,SUMMER
5616791,BATA WOMEN SANDALS,SUMMER
7606242,BATA  LABEL WOMEN SHOES,BATA HEELS
6116723,BATA WOMEN SHOES,BATA HEELS
5618769,BATA COMFIT WOMEN SANDALS,COMFIT
5616711,BATA Ladies Sandals  - 5615711 (BATA COMFIT),COMFIT
6114725,BATA WOMEN SHOES,BATA HEELS
5619703,BATA Ladies Sandals  - 5611703 (BATA COMFIT),COMFIT
5619792,BATA COMFIT WOMEN SANDALS,COMFIT
5616790,BATA COMFIT WOMEN SANDALS,COMFIT
6116725,BATA WOMEN SHOES,BATA HEELS
5618713,BATA Ladies Sandals  - 5616713 (BATA COMFIT),COMFIT
5516743,BATA WOMEN SHOES,FREE TIME
6615733,BATA WOMEN SANDALS,CITY CASUAL
5281775,POWER WOMEN SNEAKERS,LADIES ATHLETIC
5625414,PATA-PATA WOMEN SANDALS,LADIES SLIPPERS
5627415,PATA-PATA WOMEN SANDALS,LADIES SLIPPERS
5519340,WEINBRENNER WOMEN SHOE,FREE TIME
5616674,BATA WOMEN SANDALS,SUMMER
7709231,MARIE CLAIRE WOMEN SANDALS,MARIE CLAIRE
5701256,MARIE CLAIRE WOMEN SANDALS,MARIE CLAIRE
5516751,BATA Ladies Loafers  - 5516751 (BATA COMFIT),FREE TIME
5516747,BATA WOMEN SHOES,FREE TIME
5515737,BATA WOMEN SHOES,FREE TIME
5599766,NORTH STAR WOMEN SNEAKERS,NS LADIES
5515759,NORTH STAR WOMEN SNEAKERS,NS LADIES
5617785,BATA Ladies Sandals  - 5615785 (BATA COMFIT),COMFIT
5512680,BATA WOMEN SHOES,FREE TIME
5518680,BATA WOMEN SHOES,FREE TIME
6115717,BATA WOMEN SHOES,BATA HEELS
5619787,BATA COMFIT WOMEN SANDALS,COMFIT
5518771,BATA WOMEN SHOES,FREE TIME
5516737,BATA WOMEN SHOES,FREE TIME
5616777,BATA Ladies Sandals  - 5616777 (BATA COMFIT),COMFIT
5599752,BATA COMFIT WOMEN SHOES,FREE TIME
5626416,PATA-PATA WOMEN SANDALS,LADIES SLIPPERS
6616726,BATA WOMEN SANDALS,CITY CASUAL
7606261,BATA  LABEL WOMEN SANDALS,CITY CASUAL
7608261,BATA  LABEL WOMEN SANDALS,CITY CASUAL
6615713,BATA WOMEN SANDALS,SUMMER
5285756,POWER XORISE + 100 WOMEN SNEAKERS,LADIES ATHLETIC
5201039,NORTH STAR WOMEN SNEAKERS,NS LADIES
5611768,BATA WOMEN SANDALS,SUMMER
5281769,POWER DUOFOAM MAX 300 WOMEN SNEAKERS,LADIES ATHLETIC
7611880,BATA  LABEL WOMEN SANDALS,CITY CASUAL
5516678,BATA  LABEL WOMEN SHOES,FREE TIME
5614244,BATA WOMEN SANDALS,SUMMER
7615646,BATA WOMEN SANDALS,CITY CASUAL
5616621,BATA WOMEN SANDALS,SUMMER
5515769,NORTH STAR WOMEN SNEAKERS,NS LADIES
6615570,BATA COMFIT WOMEN SANDALS,COMFIT
6706277,MARIE CLAIRE WOMEN SANDALS,MARIE CLAIRE
5201036,NORTH STAR WOMEN SNEAKERS,NS LADIES
6703205,MARIE CLAIRE WOMEN SANDALS,MARIE CLAIRE
6708277,MARIE CLAIRE WOMEN SANDALS,MARIE CLAIRE
5516962,BATA WOMEN SHOES,FREE TIME
5628416,PATA-PATA WOMEN SANDALS,LADIES SLIPPERS
5516684,BATA WOMEN SHOES,FREE TIME
5206038,NORTH STAR WOMEN SANDALS,LADIES SLIPPERS
5282755,POWER XORISE+300 VISTA  WOMEN SNEAKERS,LADIES ATHLETIC
5511563,BATA WOMEN SHOES,FREE TIME
5515683,BATA WOMEN SHOES,FREE TIME
7616852,BATA FLEXIBLE WOMEN SHOES,BATA HEELS
5608274,BATA  LABEL WOMEN SHOES,FREE TIME
5282762,POWER NX-WALK LORI WOMEN SNEAKERS,LADIES ATHLETIC
5706258,MARIE CLAIRE WOMEN SHOES,MARIE CLAIRE
7611640,BATA WOMEN SANDALS,CITY CASUAL
6616642,BATA WOMEN SANDALS,CITY CASUAL
5615701,BATA Ladies Sandals  - 5615701 (BATA COMFIT),COMFIT
6616707,BATA Ladies Wedges  - 6616707 (BATA COMFIT),COMFIT
5701236,MARIE CLAIRE WOMEN SHOES,MARIE CLAIRE
5706236,MARIE CLAIRE WOMEN SHOES,MARIE CLAIRE
6705265,MARIE CLAIRE WOMEN SANDALS,MARIE CLAIRE
5616595,BATA WOMEN SANDALS,SUMMER
7618854,BATA FLEXIBLE WOMEN SANDALS,CITY CASUAL
5615602,BATA Ladies Sandals  - 5612602 (BATA COMFIT),COMFIT
5616719,BATA Ladies Sandals  - 5615719 (BATA COMFIT),COMFIT
6614672,BATA WOMEN SANDALS,SUMMER
6619713,BATA WOMEN SANDALS,SUMMER
6606261,BATA  LABEL WOMEN SANDALS,CITY CASUAL
5616428,BATA WOMEN SANDALS,SUMMER
6616661,BATA WOMEN SANDALS,CITY CASUAL
5511534,BATA COMFIT WOMEN SHOES,FREE TIME
5614597,BATA Ladies Sandals  - 5614597 (BATA COMFIT),COMFIT
6115654,BATA WOMEN SHOES,BATA HEELS
5707256,MARIE CLAIRE WOMEN SANDALS,MARIE CLAIRE
5611550,BATA WOMEN SANDALS,SUMMER
5616578,BATA COMFIT WOMEN SANDALS,COMFIT
5705248,MARIE CLAIRE WOMEN SANDALS,MARIE CLAIRE
6706265,MARIE CLAIRE WOMEN SANDALS,MARIE CLAIRE
6707254,MARIE CLAIRE WOMEN SHOES,MARIE CLAIRE
5595767,NORTH STAR WOMEN SNEAKERS,NS LADIES
5629411,NORTH STAR WOMEN SANDALS,LADIES SLIPPERS
5625411,NORTH STAR WOMEN SANDALS,LADIES SLIPPERS
5615621,BATA WOMEN SANDALS,SUMMER
6116652,BATA WOMEN SHOES,BATA HEELS
5618616,BATA WOMEN SANDALS,SUMMER
5618428,BATA WOMEN SANDALS,SUMMER
6603261,BATA  LABEL WOMEN SANDALS,CITY CASUAL
6608306,BATA FLEXIBLE WOMEN SHOES,BATA HEELS
6616570,BATA COMFIT WOMEN SANDALS,COMFIT
5206033,NORTH STAR WOMEN SNEAKERS,NS LADIES
6708232,MARIE CLAIRE WOMEN SHOES,MARIE CLAIRE
6111580,BATA WOMEN SHOES,BATA HEELS
5515533,BATA Ladies Loafers  - 5515533 (BATA COMFIT),FREE TIME
5705259,MARIE CLAIRE WOMEN SHOES,MARIE CLAIRE
6709249,MARIE CLAIRE WOMEN SHOES,MARIE CLAIRE
6706232,MARIE CLAIRE WOMEN SHOES,MARIE CLAIRE
5616609,BATA WOMEN SANDALS,SUMMER
5614609,BATA WOMEN SANDALS,SUMMER
5519561,BATA WOMEN SHOES,FREE TIME
5725401,PATA-PATA WOMEN SANDALS,LADIES SLIPPERS
8166468,BATA UNISEX ADULTS SHOES,PDRM PROJECT
6116199,BATA WOMEN SHOES,BATA HEELS
5616484,BATA WOMEN SANDALS,SUMMER
5615485,BATA WOMEN SANDALS,SUMMER
5619420,BATA WOMEN SANDALS,SUMMER
5596756,NORTH STAR WOMEN SNEAKERS,NS LADIES
5599754,NORTH STAR WOMEN SNEAKERS,NS LADIES
5615420,BATA WOMEN SANDALS,SUMMER
7118227,BATA FLEXIBLE WOMEN SHOES,BATA HEELS
5512751,NORTH STAR WOMEN SNEAKERS,NS LADIES
7116227,BATA FLEXIBLE WOMEN SHOES,BATA HEELS
6116217,BATA Ladies Heels  - 6116217 (BATA COMFIT),BATA HEELS
8166470,BATA UNISEX ADULTS SHOES,PDRM PROJECT
5429730,POWER WOMEN SANDALS,LADIES SLIPPERS
5618486,BATA Ladies Sandals  - 5616486 (BATA COMFIT),COMFIT
5595756,NORTH STAR WOMEN SNEAKERS,NS LADIES
5616270,BATA Ladies Sandals  - 5616270 (BATA COMFIT),COMFIT
5626407,PATA-PATA WOMEN SANDALS,LADIES SLIPPERS
5615337,BATA Ladies Sandals  - 5615337 (BATA COMFIT),COMFIT
5615188,BATA Ladies Sandals  - 5615188 (BATA COMFIT),COMFIT
6618502,BATA Ladies Sandals  - 6616502 (BATA COMFIT),COMFIT
6616502,BATA Ladies Sandals  - 6616502 (BATA COMFIT),COMFIT
5616194,BATA WOMEN SANDALS,SUMMER
5616337,BATA Ladies Sandals  - 5615337 (BATA COMFIT),COMFIT
5515467,BATA WOMEN SHOES,FREE TIME
6118195,BATA WOMEN SHOES,BATA HEELS
5805003,BATA Women Sneakers  - 5805003,NS LADIES
6116195,BATA WOMEN SHOES,BATA HEELS
5726401,PATA-PATA WOMEN SANDALS,LADIES SLIPPERS
5615308,BATA Ladies Sandals  - 5615308 (BATA COMFIT),COMFIT
5618491,BATA Ladies Sandals  - 5616491 (BATA COMFIT),COMFIT
5605018,NORTH STAR Women Slide Sandals  - 5601018,LADIES SLIPPERS
5612294,BATA Ladies Sandals  - 5612294 (BATA COMFIT),COMFIT
6608605,BATA WOMEN SANDALS,CITY CASUAL
5806001,BATA Women Sandals  - 5805001,SUMMER
5615240,BATA Ladies Sandals  - 5612240 (BATA COMFIT),COMFIT
5618270,BATA Ladies Sandals  - 5616270 (BATA COMFIT),COMFIT
5518255,BATA Women Loafers  - 5516255,FREE TIME
5515751,NORTH STAR WOMEN SNEAKERS,NS LADIES
6118232,BATA FLEXIBLE WOMEN SHOES,BATA HEELS
5615294,BATA Ladies Sandals  - 5612294 (BATA COMFIT),COMFIT
5608627,BATA  LABEL WOMEN SHOES,FREE TIME
5805001,BATA Women Sandals  - 5805001,SUMMER
5518260,BATA Ladies Sabor  - 5516260 (BATA COMFIT),FREE TIME
5616283,BATA Ladies Sandals  - 5611283 (BATA COMFIT),COMFIT
5615487,BATA Ladies Sandals  - 5612487 (BATA COMFIT),COMFIT
5615402,BATA Ladies Sandals  - 5615402 (BATA COMFIT),COMFIT
7615247,BATA Ladies Heels  - 7615247 (BATA COMFIT),COMFIT
5516467,BATA WOMEN SHOES,FREE TIME
7118169,BATA FLEXIBLE WOMEN SHOES,BATA HEELS
5625407,PATA-PATA WOMEN SANDALS,LADIES SLIPPERS
6616504,BATA Ladies Sandals  - 6616504 (BATA COMFIT),COMFIT
5628276,PATA-PATA WOMEN SANDALS,LADIES SLIPPERS
7116169,BATA FLEXIBLE WOMEN SHOES,BATA HEELS
5612487,BATA Ladies Sandals  - 5612487 (BATA COMFIT),COMFIT
7116224,BATA FLEXIBLE WOMEN SHOES,BATA HEELS
5615194,BATA WOMEN SANDALS,SUMMER
5201017,NORTH STAR WOMEN SNEAKERS,NS LADIES
5516255,BATA Women Loafers  - 5516255,FREE TIME
5616308,BATA Ladies Sandals  - 5615308 (BATA COMFIT),COMFIT
5286730,POWER WOMEN SNEAKERS - HARROW MYRUN 37,LADIES ATHLETIC
5616491,BATA Ladies Sandals  - 5616491 (BATA COMFIT),COMFIT
5595754,NORTH STAR WOMEN SNEAKERS,NS LADIES
6118407,BATA WOMEN SHOES,BATA HEELS
5426858,POWER WOMEN SNEAKERS,LADIES ATHLETIC
5611283,BATA Ladies Sandals  - 5611283 (BATA COMFIT),COMFIT
5616239,BATA WOMEN SANDALS,SUMMER
5516256,BATA WOMEN SHOES,FREE TIME
5516260,BATA Ladies Sabor  - 5516260 (BATA COMFIT),FREE TIME
5518256,BATA WOMEN SHOES,FREE TIME
5616486,BATA Ladies Sandals  - 5616486 (BATA COMFIT),COMFIT
5616402,BATA Ladies Sandals  - 5615402 (BATA COMFIT),COMFIT
5518252,BATA WOMEN SHOES,FREE TIME
7616506,BATA Ladies Sandals  - 7614506 (BATA COMFIT),COMFIT
5518185,BATA COMFIT WOMEN SHOES,FREE TIME
5626276,PATA-PATA WOMEN SANDALS,LADIES SLIPPERS
5516380,BATA COMFIT WOMEN SHOES,FREE TIME
5514461,BATA WOMEN SHOES,FREE TIME
7616247,BATA Ladies Heels  - 7615247 (BATA COMFIT),COMFIT
6618504,BATA Ladies Sandals  - 6616504 (BATA COMFIT),COMFIT
7116230,BATA FLEXIBLE WOMEN SHOES,BATA HEELS
5606626,BATA WOMEN SHOES,FREE TIME
5616495,BATA Ladies Sandals  - 5615495 (BATA COMFIT),COMFIT
6111216,BATA COMFIT WOMEN SHOES,BATA HEELS
5616243,BATA COMFIT WOMEN SANDALS,COMFIT
5616240,BATA WOMEN SANDALS,SUMMER
5286737,POWER WOMEN SNEAKERS - WAVE ACCENT,LADIES ATHLETIC
5426865,POWER WOMEN SNEAKERS,LADIES ATHLETIC
5426866,POWER WOMEN SNEAKERS,LADIES ATHLETIC
7114168,BATA FLEXIBLE WOMEN SHOES,BATA HEELS
7116168,BATA FLEXIBLE WOMEN SHOES,BATA HEELS
5612240,BATA Ladies Sandals  - 5612240 (BATA COMFIT),COMFIT
5516391,BATA WOMEN SHOES,FREE TIME
5596738,BATA Women Sneakers  - 5591738,NS LADIES
5616396,BATA Ladies Sandals  - 5616396 (BATA COMFIT),COMFIT
6617151,BATA Ladies Wedges  - 6617151 (BATA COMFIT),COMFIT
5591738,BATA Women Sneakers  - 5591738,NS LADIES
5425730,POWER WOMEN SANDALS,LADIES SLIPPERS
6618151,BATA Ladies Wedges  - 6617151 (BATA COMFIT),COMFIT
5615698,BATA Ladies Sandals  - 5615698 (BATA COMFIT),COMFIT
5426744,POWER WOMEN SNEAKERS,LADIES ATHLETIC
5425723,POWER WOMEN SNEAKERS,LADIES ATHLETIC
5616482,BATA Ladies Sandals  - 5616482 (BATA COMFIT),COMFIT
5618482,BATA Ladies Sandals  - 5616482 (BATA COMFIT),COMFIT
5612256,BATA Women Sandals  - 5612256,SUMMER
5614790,BATA Women Sandals  - 5614790,SUMMER
5615797,BATA Women Sandals  - 5615797,SUMMER
5612712,BATA Women Sandals  - 5612712,SUMMER
5595170,NORTH STAR WOMEN SNEAKERS,NS LADIES
5615398,BATA Ladies Sandals  - 5615398 (BATA COMFIT),COMFIT
5595094,BATA COMFIT WOMEN SHOES,FREE TIME
7612062,BATA WOMEN SANDALS,CITY CASUAL
5616256,BATA Women Sandals  - 5612256,SUMMER
5282200,POWER Women Running Shoes  - 5282200,LADIES ATHLETIC
7615379,BATA Ladies Heels  - 7615379 (BATA COMFIT),COMFIT
5425735,POWER Women Running Shoes  - 5425735,LADIES ATHLETIC
5591570,NORTH STAR WOMEN SNEAKERS,NS LADIES
7616062,BATA WOMEN SANDALS,CITY CASUAL
7116662,BATA Women Flats  - 7114662,BATA HEELS
5616398,BATA Ladies Sandals  - 5615398 (BATA COMFIT),COMFIT
5616698,BATA Ladies Sandals  - 5615698 (BATA COMFIT),COMFIT
5424723,POWER WOMEN SNEAKERS,LADIES ATHLETIC
5616712,BATA Women Sandals  - 5612712,SUMMER
5422749,POWER Women Sandals  -5422749,LADIES ATHLETIC
5429724,POWER WOMEN SNEAKERS,LADIES ATHLETIC
5596740,NORTH STAR Women Sneakers  - 5592740,NS LADIES
5596094,BATA COMFIT WOMEN SHOES,FREE TIME
5422590,POWER Women Running Shoes  - 5422590,LADIES ATHLETIC
5515391,BATA WOMEN SHOES,FREE TIME
5616797,BATA Women Sandals  - 5615797,SUMMER
5429364,POWER WOMEN SNEAKERS,LADIES ATHLETIC
5725451,PATA-PATA WOMEN SANDALS,LADIES SLIPPERS
7114662,BATA Women Flats  - 7114662,BATA HEELS
7615029,BATA WOMEN SANDALS,CITY CASUAL
5592740,NORTH STAR Women Sneakers  - 5592740,NS LADIES
7616250,BATA WOMEN SANDALS,CITY CASUAL
7616379,BATA Ladies Heels  - 7615379 (BATA COMFIT),COMFIT
5422847,POWER WOMEN SANDALS,LADIES ATHLETIC
5595739,BATA Women Sneakers  - 5595739,NS LADIES
5511887,NORTH STAR WOMEN SNEAKERS,NS LADIES
5429739,POWER WOMEN SNEAKERS,LADIES ATHLETIC
5612458,BATA Ladies Sandals  - 5612458 (BATA COMFIT),COMFIT
5516493,BATA Ladies Moccasins  - 5514493 (BATA COMFIT),FREE TIME
5514493,BATA Ladies Moccasins  - 5514493 (BATA COMFIT),FREE TIME
6111130,BATA Ladies Dress Shoes  - 6111130 (BATA COMFIT),BATA HEELS
6615518,BATA COMFIT WOMEN SANDALS,COMFIT
5422736,POWER WOMEN SNEAKERS,LADIES ATHLETIC
6116215,BATA Ladies Dress Shoes  - 6116215 (BATA COMFIT),BATA HEELS
5616066,BATA Women Sandals  - 5615066,SUMMER
5615068,BATA Ladies Sandals  - 5615068 (BATA COMFIT),COMFIT
5614421,BATA Ladies Sandals  - 5614421 (BATA COMFIT),COMFIT
6616133,BATA Ladies Wedges  - 6613133 (BATA COMFIT),COMFIT
5614570,BATA Ladies Wedges  - 5614570 (BATA COMFIT),COMFIT
5626718,BATA WOMEN SANDALS,LADIES SLIPPERS
5616667,BATA WOMEN SANDALS,SUMMER
5615066,BATA Women Sandals  - 5615066,SUMMER
5625141,BATA WOMEN SANDALS,LADIES SLIPPERS
6613133,BATA Ladies Wedges  - 6613133 (BATA COMFIT),COMFIT
5625718,BATA WOMEN SANDALS,LADIES SLIPPERS
5626141,BATA WOMEN SANDALS,LADIES SLIPPERS
5619068,BATA Ladies Sandals  - 5615068 (BATA COMFIT),COMFIT
5616677,BATA Women Sandals  - 5615677,SUMMER
5616672,BATA WOMEN SANDALS,SUMMER
5614662,BATA Women Sandals Camel - 5614662,SUMMER
5426249,POWER WOMEN SNEAKERS,LADIES ATHLETIC
5615677,BATA Women Sandals  - 5615677,SUMMER
5519105,BATA COMFIT WOMEN SHOES,FREE TIME
5596060,NORTH STAR WOMEN SNEAKERS,NS LADIES
7616520,BATA WOMEN SANDALS,CITY CASUAL
7615201,BATA Ladies Wedges  - 7614201 (BATA COMFIT),COMFIT
6116097,BATA COMFIT WOMEN SHOES,BATA HEELS
5426603,POWER Women Sandals - 5426603 (Sub-Brand),LADIES ATHLETIC
5616424,BATA COMFIT WOMEN SANDALS,COMFIT
5615237,BATA Women Sandals  - 5615237,SUMMER
5616326,BATA Ladies Sandals  - 5616326 (BATA COMFIT),COMFIT
5616118,BATA Women Slip On Wedge Sandals  - 5616118,SUMMER
5619237,BATA Women Sandals  - 5615237,SUMMER
6116477,BATA Ladies Dress Shoes  - 6116477 (BATA COMFIT),BATA HEELS
5595699,NORTH STAR WOMEN SNEAKERS,NS LADIES
5592699,NORTH STAR WOMEN SNEAKERS,NS LADIES
5616115,BATA Women Sandals  - 5616115,SUMMER
6116131,BATA WOMEN SHOES,BATA HEELS
5624176,BATA WOMEN SANDALS,LADIES SLIPPERS
9608278,PRIVE BAGS,ACCESSORIES
9111693,PRIVE BAGS,ACCESSORIES
9606280,PRIVE BAGS,ACCESSORIES
9116693,PRIVE BAGS,ACCESSORIES
9608280,PRIVE BAGS,ACCESSORIES
9709327,MC COLLECTION BAGS,ACCESSORIES
9708316,MC COLLECTION BAGS,ACCESSORIES
9705304,MC COLLECTION BAGS,ACCESSORIES
9709324,MC COLLECTION BAGS,ACCESSORIES
9704306,MC COLLECTION BAGS,ACCESSORIES
9701329,MC COLLECTION BAGS,ACCESSORIES
9707304,MC COLLECTION BAGS,ACCESSORIES
9606278,PRIVE BAGS,ACCESSORIES
9608279,PRIVE BAGS,ACCESSORIES
9701331,MC COLLECTION BAGS,ACCESSORIES
9706329,MC COLLECTION BAGS,ACCESSORIES
9706331,MC COLLECTION BAGS,ACCESSORIES
9701325,MC COLLECTION BAGS,ACCESSORIES
9706325,MC COLLECTION BAGS,ACCESSORIES
9706324,MC COLLECTION BAGS,ACCESSORIES
9606279,PRIVE BAGS,ACCESSORIES
9707316,MC COLLECTION BAGS,ACCESSORIES
9706327,MC COLLECTION BAGS,ACCESSORIES
9701306,MC COLLECTION BAGS,ACCESSORIES
9114698,PRIVE BAGS,ACCESSORIES
9114699,PRIVE BAGS,ACCESSORIES
9116699,PRIVE BAGS,ACCESSORIES
9116698,PRIVE BAGS,ACCESSORIES
9155843,PRIVE BAGS,ACCESSORIES
9155836,PRIVE BAGS,ACCESSORIES
9608245,BATA  LABEL BAGS,ACCESSORIES
9600243,BATA  LABEL BAGS,ACCESSORIES
9607245,BATA  LABEL BAGS,ACCESSORIES
9600244,BATA  LABEL BAGS,ACCESSORIES
9605245,BATA  LABEL BAGS,ACCESSORIES
9115684,PRIVE BAGS,ACCESSORIES
9119680,PRIVE BAGS,ACCESSORIES
9116682,PRIVE BAGS,ACCESSORIES
9116684,PRIVE BAGS,ACCESSORIES
9111684,PRIVE BAGS,ACCESSORIES
9116674,PRIVE BAGS,ACCESSORIES
9115674,PRIVE BAGS,ACCESSORIES
9116673,PRIVE BAGS,ACCESSORIES
9116655,PRIVE BAGS,ACCESSORIES
9116659,PRIVE BAGS,ACCESSORIES
9115671,PRIVE BAGS,ACCESSORIES
9116671,PRIVE BAGS,ACCESSORIES
9115673,PRIVE BAGS,ACCESSORIES
9115655,PRIVE BAGS,ACCESSORIES
9115670,PRIVE BAGS,ACCESSORIES
9155825,PRIVE BAGS,ACCESSORIES
9155827,PRIVE BAGS,ACCESSORIES
9158827,PRIVE BAGS,ACCESSORIES
9705278,MC COLLECTION BAGS,ACCESSORIES
9705271,MC COLLECTION BAGS,ACCESSORIES
9706254,MC COLLECTION BAGS,ACCESSORIES
9707262,MC COLLECTION BAGS,ACCESSORIES
9706271,MC COLLECTION BAGS,ACCESSORIES
9706263,MC COLLECTION BAGS,ACCESSORIES
9156825,PRIVE BAGS,ACCESSORIES
9701275,MC COLLECTION BAGS,ACCESSORIES
9706251,MC COLLECTION BAGS,ACCESSORIES
9706262,MC COLLECTION BAGS,ACCESSORIES
9706268,MC COLLECTION BAGS,ACCESSORIES
9706275,MC COLLECTION BAGS,ACCESSORIES
9701251,MC COLLECTION BAGS,ACCESSORIES
9401255,MC COLLECTION BAGS,ACCESSORIES
9704268,MC COLLECTION BAGS,ACCESSORIES
9706277,MC COLLECTION BAGS,ACCESSORIES
9704254,MC COLLECTION BAGS,ACCESSORIES
9706278,MC COLLECTION BAGS,ACCESSORIES
9707263,MC COLLECTION BAGS,ACCESSORIES
9407255,MC COLLECTION BAGS,ACCESSORIES
9706276,MC COLLECTION BAGS,ACCESSORIES
9701276,MC COLLECTION BAGS,ACCESSORIES
9155822,PRIVE BAGS,ACCESSORIES
9159823,PRIVE BAGS,ACCESSORIES
9115550,PRIVE BAGS,ACCESSORIES
9115549,PRIVE BAGS,ACCESSORIES
9116650,PRIVE BAGS,ACCESSORIES
9115650,PRIVE BAGS,ACCESSORIES
9113540,PRIVE BAGS,ACCESSORIES
9116540,PRIVE BAGS,ACCESSORIES
9116539,PRIVE BAGS,ACCESSORIES
9111545,PRIVE BAGS,ACCESSORIES
9116541,PRIVE BAGS,ACCESSORIES
9116545,PRIVE BAGS,ACCESSORIES
9116547,PRIVE BAGS,ACCESSORIES
9114439,PRIVE BAGS,ACCESSORIES
9118423,PRIVE BAGS,ACCESSORIES
9116340,PRIVE BAGS,ACCESSORIES
9118439,PRIVE BAGS,ACCESSORIES
9116440,PRIVE BAGS,ACCESSORIES
9116439,PRIVE BAGS,ACCESSORIES
9114340,PRIVE BAGS,ACCESSORIES
9118120,PRIVE BAGS,ACCESSORIES
9115441,PRIVE BAGS,ACCESSORIES
9111340,PRIVE BAGS,ACCESSORIES
9116423,PRIVE BAGS,ACCESSORIES
9119423,PRIVE BAGS,ACCESSORIES
9118760,PRIVE BAGS,ACCESSORIES
9116120,PRIVE BAGS,ACCESSORIES
9115760,PRIVE BAGS,ACCESSORIES
9116430,PRIVE BAGS,ACCESSORIES
9115430,PRIVE BAGS,ACCESSORIES
9114437,PRIVE BAGS,ACCESSORIES
9116402,PRIVE BAGS,ACCESSORIES
9116276,PRIVE BAGS,ACCESSORIES
9115276,PRIVE BAGS,ACCESSORIES
9116284,PRIVE BAGS,ACCESSORIES
9114284,PRIVE BAGS,ACCESSORIES
9116278,PRIVE BAGS,ACCESSORIES
9113399,PRIVE BAGS,ACCESSORIES
9116406,PRIVE BAGS,ACCESSORIES
9117438,MARIE CLAIRE BAGS,ACCESSORIES
9119438,MARIE CLAIRE BAGS,ACCESSORIES
9116393,PRIVE BAGS,ACCESSORIES
9116290,PRIVE BAGS,ACCESSORIES
9115293,PRIVE BAGS,ACCESSORIES
9116293,PRIVE BAGS,ACCESSORIES
9116057,PRIVE BAGS,ACCESSORIES
9116058,PRIVE BAGS,ACCESSORIES
9116337,MARIE CLAIRE BAGS,ACCESSORIES
9111336,MARIE CLAIRE BAGS,ACCESSORIES
9116336,MARIE CLAIRE BAGS,ACCESSORIES
9111337,MARIE CLAIRE BAGS,ACCESSORIES
9116267,PRIVE BAGS,ACCESSORIES
9116062,PRIVE BAGS,ACCESSORIES
9114062,PRIVE BAGS,ACCESSORIES
9115267,PRIVE BAGS,ACCESSORIES
9114263,PRIVE BAGS,ACCESSORIES
9116263,PRIVE BAGS,ACCESSORIES
9117057,PRIVE BAGS,ACCESSORIES
9117058,PRIVE BAGS,ACCESSORIES
9115790,MARIE CLAIRE BAGS,ACCESSORIES
9116227,PRIVE BAGS,ACCESSORIES
9116353,MARIE CLAIRE BAGS,ACCESSORIES
9116332,MARIE CLAIRE BAGS,ACCESSORIES
9116390,MARIE CLAIRE BAGS,ACCESSORIES
9116429,MARIE CLAIRE BAGS,ACCESSORIES
9116348,MARIE CLAIRE BAGS,ACCESSORIES
9159015,PRIVE BAGS,ACCESSORIES
9115348,MARIE CLAIRE BAGS,ACCESSORIES
9118353,MARIE CLAIRE BAGS,ACCESSORIES
9115332,MARIE CLAIRE BAGS,ACCESSORIES
9119353,MARIE CLAIRE BAGS,ACCESSORIES
9610084,BATA INSOLES,SHOE BEAUTY
9510020,BATA SOCKS,HOSIERY
9410254,BATA SOCKS,HOSIERY
9410240,BATA SOCKS,HOSIERY
9410242,BATA SOCKS,HOSIERY
9410175,BATA SOCKS,HOSIERY
5318021,,SUMMER
5316021,,SUMMER
5801057,NORTH STAR WOMEN SNEAKERS,NS LADIES
5806040,BATA WOMEN SHOES,FREE TIME
5809042,BATA WOMEN SHOES,FREE TIME
5805057,NORTH STAR WOMEN SNEAKERS,NS LADIES
5805058,NORTH STAR WOMEN SNEAKERS,NS LADIES
5807058,NORTH STAR WOMEN SNEAKERS,NS LADIES
5805044,BATA WOMEN SANDALS,SUMMER
5807044,BATA WOMEN SANDALS,SUMMER
5806050,BATA WOMEN SANDALS,COMFIT
5805050,BATA WOMEN SANDALS,COMFIT
5805042,BATA WOMEN SHOES,FREE TIME
5807040,BATA WOMEN SHOES,FREE TIME
5806041,BATA WOMEN SHOES,FREE TIME
5805041,BATA WOMEN SHOES,FREE TIME
5205158,NORTH STAR WOMEN SNEAKERS,NS LADIES
5201158,NORTH STAR WOMEN SNEAKERS,NS LADIES
5206158,NORTH STAR WOMEN SNEAKERS,NS LADIES
5601018,NORTH STAR WOMEN SANDALS,LADIES SLIPPERS
6806008,BATA WOMEN SHOES,BATA HEELS
5805004,POWER Women Sneakers  - 5805004,LADIES ATHLETIC
9706253,MC COLLECTION BAGS,ACCESSORIES
9701253,MC COLLECTION BAGS,ACCESSORIES
9705277,MC COLLECTION BAGS,ACCESSORIES
4896822,B-FIRST KIDS SHOES,CHILDRENS CANVAS
3415171,HELLO KITTY KIDS SHOES,GIRLS
3615167,HELLO KITTY KIDS SHOES,GIRLS
3310019,BUBBLEGUMMERS KIDS SNEAKERS,FREE TIME
3319019,BUBBLEGUMMERS KIDS SNEAKERS,FREE TIME
3315024,BUBBLEGUMMERS KIDS SNEAKERS,FREE TIME
3625131,DISNEY KIDS SANDALS,SUMMER
3415152,BUBBLEGUMMERS KIDS SHOES,GIRLS
3896737,MARVEL KIDS SHOES,CHILDRENS CANVAS
3615095,BUBBLEGUMMERS KIDS SHOES,GIRLS
3411104,BUBBLEGUMMERS KIDS SNEAKERS,FREE TIME
3618095,BUBBLEGUMMERS KIDS SHOES,GIRLS
3615163,BUBBLEGUMMERS KIDS SHOES,GIRLS
3615164,BUBBLEGUMMERS KIDS SHOES,GIRLS
3411150,BUBBLEGUMMERS KIDS SHOES,GIRLS
3419137,BUBBLEGUMMERS KIDS SNEAKERS,FREE TIME
3896736,DISNEY FROZEN KIDS SHOES,CHILDRENS CANVAS
3615069,BUBBLEGUMMERS KIDS SANDALS,SUMMER
3629332,DISNEY FROZEN KIDS SANDALS,SUMMER
3629129,DISNEY KIDS SANDALS,SUMMER
3625130,DISNEY KIDS SANDALS,SUMMER
3415073,HELLO KITTY KIDS SNEAKERS,FREE TIME
0019134,BUBBLEGUMMERS INFANT SHOES,INFANTS
1619112,DISNEY FROZEN KIDS SANDALS,SUMMER
1625809,MARVEL KIDS SANDALS,SUMMER
1629115,DISNEY FROZEN KIDS SANDALS,SUMMER
0015134,BUBBLEGUMMERS INFANT SHOES,INFANTS
3418109,DISNEY FROZEN KIDS SHOES,GIRLS
3419108,DISNEY FROZEN KIDS SHOES,GIRLS
3415119,DISNEY KIDS SHOES,GIRLS
1419110,DISNEY FROZEN KIDS SNEAKERS,FREE TIME
3615122,BUBBLEGUMMERS KIDS SANDALS,SUMMER
1625128,DISNEY KIDS SANDALS,SUMMER
3415150,BUBBLEGUMMERS KIDS SHOES,GIRLS
1619094,BUBBLEGUMMERS KIDS SANDALS,SUMMER
3418153,BUBBLEGUMMERS KIDS SHOES,GIRLS
3416151,BUBBLEGUMMERS KIDS SHOES,GIRLS
3416156,BUBBLEGUMMERS KIDS SHOES,GIRLS
3411154,BUBBLEGUMMERS KIDS SHOES,GIRLS
1615096,BUBBLEGUMMERS KIDS SHOES,GIRLS
3418154,BUBBLEGUMMERS KIDS SHOES,GIRLS
1411149,BUBBLEGUMMERS KIDS SHOES,GIRLS
1618096,BUBBLEGUMMERS KIDS SHOES,GIRLS
1415149,BUBBLEGUMMERS KIDS SHOES,GIRLS
0019073,BUBBLEGUMMERS INFANT SHOES,INFANTS
3415075,HELLO KITTY KIDS SNEAKERS,FREE TIME
1611093,BUBBLEGUMMERS KIDS SANDALS,SUMMER
1419084,BUBBLEGUMMERS KIDS SNEAKERS,FREE TIME
0015160,BUBBLEGUMMERS INFANT SHOES,INFANTS
0019160,BUBBLEGUMMERS INFANT SHOES,INFANTS
3612086,BUBBLEGUMMERS KIDS SANDALS,SUMMER
1415120,DISNEY KIDS SNEAKERS,FREE TIME
1411072,HELLO KITTY KIDS SNEAKERS,FREE TIME
3419138,BUBBLEGUMMERS KIDS SNEAKERS,FREE TIME
5891137,NORTH STAR KIDS SNEAKERS,CHILDRENS ATHLETIC
1415076,HELLO KITTY KIDS SNEAKERS,FREE TIME
1419121,DISNEY KIDS SNEAKERS,FREE TIME
5896138,NORTH STAR KIDS SNEAKERS,CHILDRENS ATHLETIC
5891139,NORTH STAR KIDS SNEAKERS,CHILDRENS ATHLETIC
3619086,BUBBLEGUMMERS KIDS SANDALS,SUMMER
5899134,NORTH STAR KIDS SNEAKERS,CHILDRENS ATHLETIC
0015073,BUBBLEGUMMERS INFANT SHOES,INFANTS
1625126,DISNEY KIDS SANDALS,SUMMER
1625127,DISNEY KIDS SANDALS,SUMMER
1415136,BUBBLEGUMMERS KIDS SHOES,GIRLS
3419109,DISNEY FROZEN KIDS SHOES,GIRLS
3319013,BUBBLEGUMMERS KIDS SNEAKERS,FREE TIME
1411136,BUBBLEGUMMERS KIDS SHOES,GIRLS
0015074,HELLO KITTY INFANT SHOES,INFANTS
3415118,DISNEY KIDS SHOES,GIRLS
0018074,HELLO KITTY INFANT SHOES,INFANTS
1619084,BUBBLEGUMMERS KIDS SANDALS,SUMMER
4615133,DISNEY KIDS SANDALS,SUMMER
4616133,DISNEY KIDS SANDALS,SUMMER
3311013,BUBBLEGUMMERS KIDS SNEAKERS,FREE TIME
3315013,BUBBLEGUMMERS KIDS SNEAKERS,FREE TIME
3316013,BUBBLEGUMMERS KIDS SNEAKERS,FREE TIME
1411083,BUBBLEGUMMERS KIDS SNEAKERS,FREE TIME
3411080,BUBBLEGUMMERS KIDS SNEAKERS,FREE TIME
1615084,BUBBLEGUMMERS KIDS SANDALS,SUMMER
1619085,BUBBLEGUMMERS KIDS SANDALS,SUMMER
1411082,BUBBLEGUMMERS KIDS SNEAKERS,FREE TIME
1415083,BUBBLEGUMMERS KIDS SNEAKERS,FREE TIME
1415090,BUBBLEGUMMERS KIDS SNEAKERS,FREE TIME
3415153,BUBBLEGUMMERS KIDS SHOES,GIRLS
0019066,BUBBLEGUMMERS INFANT SHOES,INFANTS
3415156,BUBBLEGUMMERS KIDS SHOES,GIRLS
3415151,BUBBLEGUMMERS KIDS SHOES,GIRLS
3419088,BUBBLEGUMMERS KIDS SNEAKERS,FREE TIME
3415099,BUBBLEGUMMERS KIDS SNEAKERS,FREE TIME
1411076,HELLO KITTY KIDS SNEAKERS,FREE TIME
3411111,DISNEY FROZEN KIDS SNEAKERS,FREE TIME
3415081,BUBBLEGUMMERS KIDS SNEAKERS,FREE TIME
4411011,NORTH STAR KIDS SNEAKERS,FREE TIME
4411123,DISNEY KIDS SNEAKERS,FREE TIME
3415001,BUBBLEGUMMERS KIDS SNEAKERS,FREE TIME
0015079,BUBBLEGUMMERS INFANT SHOES,INFANTS
3415095,BUBBLEGUMMERS KIDS SNEAKERS,FREE TIME
0019079,BUBBLEGUMMERS INFANT SHOES,INFANTS
3411075,HELLO KITTY KIDS SNEAKERS,FREE TIME
4411124,DISNEY KIDS SNEAKERS,FREE TIME
1415072,HELLO KITTY KIDS SNEAKERS,FREE TIME
4411122,DISNEY KIDS SNEAKERS,FREE TIME
1629114,DISNEY FROZEN KIDS SANDALS,SUMMER
3412093,BUBBLEGUMMERS KIDS SNEAKERS,FREE TIME
0019078,BUBBLEGUMMERS INFANT SHOES,INFANTS
3419010,NORTH STAR KIDS SNEAKERS,FREE TIME
3419093,BUBBLEGUMMERS KIDS SNEAKERS,FREE TIME
3419003,BUBBLEGUMMERS KIDS SNEAKERS,FREE TIME
3415091,BUBBLEGUMMERS KIDS SNEAKERS,FREE TIME
3416090,BUBBLEGUMMERS KIDS SNEAKERS,FREE TIME
3419008,BUBBLEGUMMERS KIDS SNEAKERS,FREE TIME
0015112,BUBBLEGUMMERS INFANT SHOES,INFANTS
3419095,BUBBLEGUMMERS KIDS SNEAKERS,FREE TIME
1615143,BUBBLEGUMMERS KIDS SANDALS,SUMMER
4896735,B-FIRST KIDS SHOES,CHILDRENS CANVAS
1416136,BUBBLEGUMMERS KIDS SHOES,GIRLS
3617122,BUBBLEGUMMERS KIDS SANDALS,SUMMER
1416082,BUBBLEGUMMERS KIDS SNEAKERS,FREE TIME
3419080,BUBBLEGUMMERS KIDS SNEAKERS,FREE TIME
1415005,BUBBLEGUMMERS KIDS SNEAKERS,FREE TIME
1415006,BUBBLEGUMMERS KIDS SNEAKERS,FREE TIME
3415080,BUBBLEGUMMERS KIDS SNEAKERS,FREE TIME
3415104,BUBBLEGUMMERS KIDS SNEAKERS,FREE TIME
1419082,BUBBLEGUMMERS KIDS SNEAKERS,FREE TIME
3615165,BUBBLEGUMMERS KIDS SHOES,GIRLS
3411099,BUBBLEGUMMERS KIDS SNEAKERS,FREE TIME
1419007,BUBBLEGUMMERS KIDS SNEAKERS,FREE TIME
5891135,NORTH STAR KIDS SNEAKERS,CHILDRENS ATHLETIC
1896822,B-FIRST KIDS SHOES,CHILDRENS CANVAS
3625132,DISNEY KIDS SANDALS,SUMMER
1419081,BUBBLEGUMMERS KIDS SNEAKERS,FREE TIME
4411125,DISNEY KIDS SNEAKERS,FREE TIME
1629038,DISNEY FROZEN KIDS SANDALS,SUMMER
1629042,MARVEL KIDS SANDALS,SUMMER
3415030,BUBBLEGUMMERS KIDS SNEAKERS,FREE TIME
3616063,MARVEL KIDS SANDALS,SUMMER
3611064,BATA KIDS SANDALS,SUMMER
3615736,BATA KIDS SANDALS,SUMMER
3415024,BUBBLEGUMMERS KIDS SNEAKERS,FREE TIME
3619576,EJEN ALI KIDS SANDALS,SUMMER
3629678,EJEN ALI KIDS SANDALS,SUMMER
3615973,BATA KIDS SANDALS,SUMMER
3416026,BUBBLEGUMMERS KIDS SNEAKERS,FREE TIME
3626678,EJEN ALI KIDS SANDALS,SUMMER
3614068,BATA KIDS SANDALS,SUMMER
3419027,BUBBLEGUMMERS KIDS SNEAKERS,FREE TIME
3415069,MARVEL KIDS SNEAKERS,FREE TIME
3416068,MARVEL KIDS SNEAKERS,FREE TIME
3419024,BUBBLEGUMMERS KIDS SNEAKERS,FREE TIME
3411068,MARVEL KIDS SNEAKERS,FREE TIME
3619250,DISNEY FROZEN KIDS SANDALS,SUMMER
3419069,MARVEL KIDS SNEAKERS,FREE TIME
3415026,BUBBLEGUMMERS KIDS SNEAKERS,FREE TIME
3625077,EJEN ALI KIDS SANDALS,SUMMER
1615675,EJEN ALI KIDS SANDALS,SUMMER
3619974,BATA KIDS SANDALS,SUMMER
1615033,BUBBLEGUMMERS KIDS SANDALS,SUMMER
3611827,BUBBLEGUMMERS KIDS SANDALS,SUMMER
1605003,BUBBLEGUMMERS KIDS SANDALS,SUMMER
1609003,BUBBLEGUMMERS KIDS SANDALS,SUMMER
3626044,MARVEL KIDS SANDALS,SUMMER
1625041,MARVEL KIDS SANDALS,SUMMER
3419526,BUBBLEGUMMERS KIDS SNEAKERS,FREE TIME
4621070,MARVEL KIDS SANDALS,SUMMER
3619022,BUBBLEGUMMERS KIDS SANDALS,SUMMER
1619037,MARVEL KIDS SANDALS,SUMMER
3615830,BUBBLEGUMMERS KIDS SHOES,GIRLS
1419592,DISNEY FROZEN KIDS SNEAKERS,FREE TIME
3615032,BUBBLEGUMMERS KIDS SHOES,GIRLS
3629056,BUBBLEGUMMERS KIDS SANDALS,SUMMER
3629055,BUBBLEGUMMERS KIDS SANDALS,SUMMER
0019519,BUBBLEGUMMERS INFANT SHOES,INFANTS
3415526,BUBBLEGUMMERS KIDS SNEAKERS,FREE TIME
4616065,BATA KIDS SANDALS,SUMMER
1419516,BUBBLEGUMMERS KIDS SNEAKERS,FREE TIME
3625055,BUBBLEGUMMERS KIDS SANDALS,SUMMER
4626001,MARVEL KIDS SANDALS,SUMMER
4629001,MARVEL KIDS SANDALS,SUMMER
4626070,MARVEL KIDS SANDALS,SUMMER
1419034,DISNEY FROZEN KIDS SNEAKERS,FREE TIME
1619036,DISNEY FROZEN KIDS SANDALS,SUMMER
1415025,BUBBLEGUMMERS KIDS SNEAKERS,FREE TIME
1629020,BUBBLEGUMMERS KIDS SANDALS,SUMMER
1419660,DISNEY FROZEN KIDS SHOES,GIRLS
5596842,POWER KIDS SNEAKERS,CHILDRENS ATHLETIC
3615829,BUBBLEGUMMERS KIDS SHOES,GIRLS
1419588,MARVEL KIDS SNEAKERS,FREE TIME
3629014,BUBBLEGUMMERS KIDS SANDALS,SUMMER
3419510,BUBBLEGUMMERS KIDS SNEAKERS,FREE TIME
1416018,BUBBLEGUMMERS KIDS SNEAKERS,FREE TIME
1419058,DISNEY FROZEN KIDS SHOES,GIRLS
3419213,MARVEL KIDS SNEAKERS,FREE TIME
3419406,BUBBLEGUMMERS KIDS SNEAKERS,FREE TIME
1415516,BUBBLEGUMMERS KIDS SNEAKERS,FREE TIME
3616996,BUBBLEGUMMERS KIDS SANDALS,SUMMER
3411201,MARVEL KIDS SNEAKERS,FREE TIME
3625062,HELLO KITTY KIDS SANDALS,SUMMER
3415060,HELLO KITTY KIDS SNEAKERS,FREE TIME
3615995,BUBBLEGUMMERS KIDS SANDALS,SUMMER
3611990,BUBBLEGUMMERS KIDS SANDALS,SUMMER
3616022,BUBBLEGUMMERS KIDS SANDALS,SUMMER
3419589,MARVEL KIDS SNEAKERS,FREE TIME
3419209,MARVEL KIDS SNEAKERS,FREE TIME
3619212,MARVEL KIDS SANDALS,SUMMER
3416040,MARVEL KIDS SNEAKERS,FREE TIME
3419057,DISNEY FROZEN KIDS SNEAKERS,FREE TIME
1415660,DISNEY FROZEN KIDS SHOES,GIRLS
3419210,MARVEL KIDS SNEAKERS,FREE TIME
3619215,DISNEY FROZEN KIDS SANDALS,SUMMER
5591844,NORTH STAR KIDS SNEAKERS,CHILDRENS ATHLETIC
0015066,BUBBLEGUMMERS INFANT SHOES,INFANTS
1411031,BUBBLEGUMMERS KIDS SHOES,GIRLS
5591845,NORTH STAR KIDS SNEAKERS,CHILDRENS ATHLETIC
1625770,HELLO KITTY KIDS SANDALS,SUMMER
1415018,BUBBLEGUMMERS KIDS SNEAKERS,FREE TIME
3619969,BATA KIDS SANDALS,SUMMER
3615773,HELLO KITTY KIDS SANDALS,SUMMER
3415846,HELLO KITTY KIDS SHOES,GIRLS
0019518,BUBBLEGUMMERS INFANT SHOES,INFANTS
3417035,DISNEY FROZEN KIDS SNEAKERS,FREE TIME
3411213,DISNEY FROZEN KIDS SHOES,GIRLS
3419060,HELLO KITTY KIDS SNEAKERS,FREE TIME
0015993,BUBBLEGUMMERS INFANT SHOES,INFANTS
3625604,HELLO KITTY KIDS SANDALS,SUMMER
1415039,MARVEL KIDS SNEAKERS,FREE TIME
1419200,MARVEL KIDS SNEAKERS,FREE TIME
3416420,BUBBLEGUMMERS KIDS SNEAKERS,FREE TIME
5596847,NORTH STAR KIDS SNEAKERS,CHILDRENS ATHLETIC
1416845,HELLO KITTY KIDS SHOES,GIRLS
3419524,BUBBLEGUMMERS KIDS SNEAKERS,FREE TIME
1615772,HELLO KITTY KIDS SANDALS,SUMMER
3615043,MARVEL KIDS SANDALS,SUMMER
1417213,DISNEY FROZEN KIDS SHOES,GIRLS
3625605,HELLO KITTY KIDS SANDALS,SUMMER
1419059,DISNEY FROZEN KIDS SHOES,GIRLS
0015017,BUBBLEGUMMERS INFANT SHOES,INFANTS
4282157,POWER KIDS SNEAKERS,CHILDRENS ATHLETIC
1412055,BUBBLEGUMMERS KIDS SNEAKERS,FREE TIME
1415055,BUBBLEGUMMERS KIDS SNEAKERS,FREE TIME
3415029,BUBBLEGUMMERS KIDS SHOES,GIRLS
3415985,BUBBLEGUMMERS KIDS SHOES,GIRLS
3629077,EJEN ALI KIDS SANDALS,SUMMER
4625607,HELLO KITTY KIDS SANDALS,SUMMER
3415608,HELLO KITTY KIDS SHOES,GIRLS
1629021,BUBBLEGUMMERS KIDS SANDALS,SUMMER
4621605,HELLO KITTY KIDS SANDALS,SUMMER
4616973,BATA KIDS SANDALS,SUMMER
5599846,NORTH STAR KIDS SNEAKERS,CHILDRENS ATHLETIC
0015414,BUBBLEGUMMERS INFANT SHOES,INFANTS
5599844,NORTH STAR KIDS SNEAKERS,CHILDRENS ATHLETIC
3415407,BUBBLEGUMMERS KIDS SNEAKERS,FREE TIME
1419512,BUBBLEGUMMERS KIDS SNEAKERS,FREE TIME
3611828,BUBBLEGUMMERS KIDS SANDALS,SUMMER
1417035,DISNEY FROZEN KIDS SNEAKERS,FREE TIME
3412055,BUBBLEGUMMERS KIDS SNEAKERS,FREE TIME
3415406,BUBBLEGUMMERS KIDS SNEAKERS,FREE TIME
1611520,BUBBLEGUMMERS KIDS SANDALS,SUMMER
1419025,BUBBLEGUMMERS KIDS SNEAKERS,FREE TIME
1627825,DISNEY FROZEN KIDS SANDALS,SUMMER
1415728,BUBBLEGUMMERS KIDS SNEAKERS,FREE TIME
1415210,BUBBLEGUMMERS KIDS SHOES,GIRLS
3614973,BATA KIDS SANDALS,SUMMER
3629015,BUBBLEGUMMERS KIDS SANDALS,SUMMER
4619973,BATA KIDS SANDALS,SUMMER
3615603,HELLO KITTY KIDS SANDALS,SUMMER
3415524,BUBBLEGUMMERS KIDS SNEAKERS,FREE TIME
1415845,HELLO KITTY KIDS SHOES,GIRLS
3896734,BATA 3D ENERGY KIDS SHOES,CHILDRENS CANVAS
3419513,BUBBLEGUMMERS KIDS SNEAKERS,FREE TIME
3611523,BUBBLEGUMMERS KIDS SANDALS,SUMMER
1616521,BUBBLEGUMMERS KIDS SANDALS,SUMMER
1415838,HELLO KITTY KIDS SHOES,GIRLS
1419728,BUBBLEGUMMERS KIDS SNEAKERS,FREE TIME
1617214,DISNEY FROZEN KIDS SANDALS,SUMMER
4896734,BATA 3D ENERGY KIDS SHOES,CHILDRENS CANVAS
3415206,BUBBLEGUMMERS KIDS SHOES,GIRLS
3415938,DISNEY FROZEN KIDS SNEAKERS,FREE TIME
0019202,BUBBLEGUMMERS INFANT SHOES,INFANTS
3615988,BUBBLEGUMMERS KIDS SHOES,GIRLS
1415408,BUBBLEGUMMERS KIDS SNEAKERS,FREE TIME
3415226,BUBBLEGUMMERS KIDS SNEAKERS,FREE TIME
4896733,DISNEY FROZEN KIDS SHOES,CHILDRENS CANVAS
3629231,DISNEY FROZEN KIDS SANDALS,SUMMER
3629232,DISNEY FROZEN KIDS SANDALS,SUMMER
3415221,BUBBLEGUMMERS KIDS SHOES,GIRLS
1629232,DISNEY FROZEN KIDS SANDALS,SUMMER
1419242,BUBBLEGUMMERS KIDS SNEAKERS,FREE TIME
3896814,HELLO KITTY KIDS SHOES,CHILDRENS CANVAS
5896730,B-FIRST KIDS SHOES,LADIES CANVAS
4896731,EJEN ALI KIDS SHOES,CHILDRENS CANVAS
4896732,MARVEL KIDS SHOES,CHILDRENS CANVAS
3629163,EJEN ALI KIDS SANDALS,SUMMER
3416210,MARVEL KIDS SNEAKERS,FREE TIME
3416719,BUBBLEGUMMERS KIDS SNEAKERS,FREE TIME
3896813,HELLO KITTY KIDS SHOES,CHILDRENS CANVAS
0019239,MARVEL INFANT SHOES,INFANTS
3625141,HELLO KITTY KIDS SANDALS,SUMMER
3415228,BUBBLEGUMMERS KIDS SNEAKERS,FREE TIME
1415225,BUBBLEGUMMERS KIDS SNEAKERS,FREE TIME
8896911,NORTH STAR KIDS SHOES,MENS CANVAS
3629201,MARVEL KIDS SANDALS,SUMMER
1625200,MARVEL KIDS SANDALS,SUMMER
1619209,MARVEL KIDS SANDALS,SUMMER
3419228,BUBBLEGUMMERS KIDS SNEAKERS,FREE TIME
3415719,BUBBLEGUMMERS KIDS SNEAKERS,FREE TIME
4599841,POWER KIDS SNEAKERS,CHILDRENS ATHLETIC
3419211,MARVEL KIDS SNEAKERS,FREE TIME
4596841,POWER KIDS SNEAKERS,CHILDRENS ATHLETIC
1419267,BUBBLEGUMMERS KIDS SNEAKERS,FREE TIME
0015339,HELLO KITTY INFANT SHOES,INFANTS
4626241,MARVEL KIDS SANDALS,SUMMER
4625241,MARVEL KIDS SANDALS,SUMMER
1615724,BUBBLEGUMMERS KIDS SANDALS,SUMMER
3622206,MARVEL KIDS SANDALS,SUMMER
3629205,MARVEL KIDS SANDALS,SUMMER
4599838,POWER KIDS SNEAKERS,CHILDRENS ATHLETIC
4596838,POWER KIDS SNEAKERS,CHILDRENS ATHLETIC
3415107,DISNEY FROZEN KIDS SHOES,GIRLS
3619150,DISNEY FROZEN KIDS SANDALS,SUMMER
1419240,MARVEL KIDS SNEAKERS,FREE TIME
4416596,BUBBLEGUMMERS KIDS SHOES,GIRLS
1415223,BUBBLEGUMMERS KIDS SNEAKERS,FREE TIME
1412222,BUBBLEGUMMERS KIDS SNEAKERS,FREE TIME
3616148,HELLO KITTY KIDS SANDALS,SUMMER
1629155,DISNEY FROZEN KIDS SANDALS,SUMMER
3629156,DISNEY FROZEN KIDS SANDALS,SUMMER
3625158,MARVEL KIDS SANDALS,SUMMER
3629157,MARVEL KIDS SANDALS,SUMMER
1415266,BUBBLEGUMMERS KIDS SNEAKERS,FREE TIME
4616304,POWER KIDS SANDALS,CHILDRENS ATHLETIC
3616203,MARVEL KIDS SANDALS,SUMMER
3419237,MARVEL KIDS SNEAKERS,FREE TIME
4625160,MARVEL KIDS SANDALS,SUMMER
3615148,HELLO KITTY KIDS SANDALS,SUMMER
4612304,POWER KIDS SANDALS,CHILDRENS ATHLETIC
1629161,MARVEL KIDS SANDALS,SUMMER
1415127,BUBBLEGUMMERS KIDS SNEAKERS,FREE TIME
4626160,MARVEL KIDS SANDALS,SUMMER
3625118,BUBBLEGUMMERS KIDS SANDALS,SUMMER
1419145,MARVEL KIDS SNEAKERS,FREE TIME
1415101,BUBBLEGUMMERS KIDS SNEAKERS,FREE TIME
8896727,NORTH STAR KIDS SHOES,MENS CANVAS
3419103,BUBBLEGUMMERS KIDS SNEAKERS,FREE TIME
3415103,BUBBLEGUMMERS KIDS SNEAKERS,FREE TIME
8891503,NORTH STAR KIDS SHOES,MENS CANVAS
8891505,NORTH STAR KIDS SHOES,MENS CANVAS
1625845,BUBBLEGUMMERS KIDS SANDALS,SUMMER
1622846,BUBBLEGUMMERS KIDS SANDALS,SUMMER
3896729,NORTH STAR KIDS SHOES,CHILDRENS CANVAS
1625849,DISNEY FROZEN KIDS SANDALS,SUMMER
5891503,NORTH STAR KIDS SHOES,LADIES CANVAS
3891775,B-FIRST KIDS SHOES,CHILDRENS CANVAS
5896729,NORTH STAR KIDS SHOES,LADIES CANVAS
5891505,NORTH STAR Women School Shoes  - 5896505,LADIES CANVAS
0012710,BUBBLEGUMMERS INFANT SHOES,INFANTS
3615574,MARVEL KIDS SANDALS,SUMMER
3629578,EJEN ALI KIDS SANDALS,SUMMER
3615571,MARVEL KIDS SANDALS,SUMMER
1625709,MARVEL KIDS SANDALS,SUMMER
4616972,BATA KIDS SANDALS,SUMMER
0015711,BUBBLEGUMMERS INFANT SHOES,INFANTS
8896503,NORTH STAR KIDS SHOES,MENS CANVAS
4896422,B-FIRST KIDS SHOES,CHILDRENS CANVAS
5896811,B-FIRST KIDS SHOES,LADIES CANVAS
8896505,NORTH STAR KIDS SHOES,MENS CANVAS
5896809,B-FIRST KIDS SHOES,LADIES CANVAS
5896808,B-FIRST KIDS SHOES,LADIES CANVAS
5896620,B-FIRST KIDS SHOES,LADIES CANVAS
4615636,BUBBLEGUMMERS KIDS SANDALS,SUMMER
4896505,NORTH STAR KIDS SHOES,CHILDRENS CANVAS
3896810,B-FIRST KIDS SHOES,CHILDRENS CANVAS
3896620,B-FIRST KIDS SHOES,CHILDRENS CANVAS
8896718,NORTH STAR KIDS SHOES,MENS CANVAS
4619060,BUBBLEGUMMERS KIDS SANDALS,SUMMER
3896811,BATA Kids School Shoes  - 3896811 (B-FIRST),CHILDRENS CANVAS
5896503,NORTH STAR KIDS SHOES,LADIES CANVAS
4426241,POWER KIDS SNEAKERS,CHILDRENS ATHLETIC
1616060,BUBBLEGUMMERS KIDS SANDALS,SUMMER
8896808,B-FIRST KIDS SHOES,MENS CANVAS
5896505,NORTH STAR Women School Shoes  - 5896505,LADIES CANVAS
3615662,HELLO KITTY KIDS SANDALS,SUMMER
8896607,NORTH STAR KIDS SHOES,MENS CANVAS
1419550,DISNEY FROZEN KIDS SHOES,GIRLS
1896422,B-FIRST KIDS SHOES,CHILDRENS CANVAS
1415550,DISNEY FROZEN KIDS SHOES,GIRLS
4896128,B-FIRST KIDS SHOES,CHILDRENS CANVAS
3896717,EJEN ALI KIDS SHOES,CHILDRENS CANVAS
4615159,HELLO KITTY KIDS SANDALS,SUMMER
1615157,HELLO KITTY KIDS SANDALS,SUMMER
1611158,HELLO KITTY KIDS SANDALS,SUMMER
4614989,BUBBLEGUMMERS KIDS SANDALS,SUMMER
4616989,BUBBLEGUMMERS KIDS SANDALS,SUMMER
9101562,DISNEY SOCKS,HOSIERY
9106075,MARVEL SOCKS,HOSIERY
9105061,DISNEY SOCKS,HOSIERY
9105072,DISNEY SOCKS,HOSIERY
9916902,NORTH STAR BAGS,ACCESSORIES
9316161,B-FIRST SOCKS,HOSIERY
9516161,B-FIRST SOCKS,HOSIERY
9516265,B-FIRST SOCKS,HOSIERY
9316238,B-FIRST SOCKS,HOSIERY
3410009,,FREE TIME
3410002,,FREE TIME
3605002,BUBBLEGUMMERS KIDS SANDALS,SUMMER
3605001,BUBBLEGUMMERS KIDS SANDALS,SUMMER
3609001,BUBBLEGUMMERS KIDS SANDALS,SUMMER
3609002,BUBBLEGUMMERS KIDS SANDALS,SUMMER
